Workbook

Sheet Summary
B2: DarkHorse - Delivery Plan (Azure, Continuum + ChickletFlow integration)
B4: Plan start (Monday, Week 1) | C4: 46321 | D4: Edit this date and every date in the workbook shifts.
B5: Duration | C5: 26 weeks
B6: Baseline | C6: Extension v0.7.38; CPI-6 sprints 1-6 shipped
B7: Architecture | C7: docs/DarkHorse_09_Azure_Deployment.md
B9: Releases
B10: Release | C10: Go-live (Fri) | D10: Scope
B11: R0 | C11: =$C$4+7*(4-1)+4 -> 46346 | D11: R0 - Azure Foundations (dev env live)
B12: MVP | C12: =$C$4+7*(8-1)+4 -> 46374 | D12: MVP - DarkHorse on Azure, Continuum read integration, internal pilot
B13: R2 | C13: =$C$4+7*(14-1)+4 -> 46416 | D13: R2 - Memory, Clean Core loop, full Continuum + ChickletFlow integration
B14: R3 | C14: =$C$4+7*(20-1)+4 -> 46458 | D14: R3 - Marketplace, multi-model, private networking, dashboards
B15: GA | C15: =$C$4+7*(24-1)+4 -> 46486 | D15: GA - Production hardening, client-tenant template, security sign-off
B17: Sheets
B18: Milestones | C18: Key dates and exit criteria
B19: Features | C19: All features, release, status, weeks, effort, dependencies (edit start/end here)
B20: Weekly Timeline | C20: Gantt driven by Features start/end weeks
B21: Release Plan | C21: What goes live in each release and go/no-go
B22: Integration | C22: Changes needed in Continuum, ChickletFlow and DarkHorse
B23: Azure Deployment | C23: Azure rollout phases and environments
B24: Effort by Workstream | C24: Person-weeks per workstream and release
B25: Risks & Questions | C25: Risks and open decisions
B27: Note | C27: Integration changes are based on reading the Continuum (Next.js/Prisma) and ChickletFlow (FastAPI/Alembic) code in C:\99-AI Projects. Effort and week estimates are first-pass and owners are TBD.

Sheet Milestones
A1: # | B1: Milestone | C1: Week | D1: Date (Fri) | E1: Exit criteria
A2: 0 | B2: M0 Kickoff | C2: 1 | D2: =Summary!$C$4+7*(C2-1)+4 -> 46325 | E2: Plan approved, owners assigned, Azure subscription and quota requests opened
A3: 1 | B3: M1 Azure dev live (R0) | C3: 4 | D3: =Summary!$C$4+7*(C3-1)+4 -> 46346 | E3: IaC deployed, containers in ACR, CI/CD green, OpenAI + AI Search provisioned
A4: 2 | B4: M2 Integration contract signed | C4: 4 | D4: =Summary!$C$4+7*(C4-1)+4 -> 46346 | E4: Event/ID contract agreed by DarkHorse, Continuum, ChickletFlow
A5: 3 | B5: M3 MVP feature complete | C5: 7 | D5: =Summary!$C$4+7*(C5-1)+4 -> 46367 | E5: Editor -> APIM -> MCP/LLM proxy -> AI Search working with Entra auth and Continuum read
A6: 4 | B6: M4 MVP go-live on Azure (internal pilot) | C6: 8 | D6: =Summary!$C$4+7*(C6-1)+4 -> 46374 | E6: Prod env up, one real RICEFW end to end, go/no-go passed
A7: 5 | B7: M5 Hypercare exit | C7: 10 | D7: =Summary!$C$4+7*(C7-1)+4 -> 46388 | E7: Stable for 2 weeks, holiday period buffer, defects triaged
A8: 6 | B8: M6 Continuum + ChickletFlow on Azure with SSO | C8: 11 | D8: =Summary!$C$4+7*(C8-1)+4 -> 46395 | E8: Both apps deployed, Entra SSO, auth on ChickletFlow
A9: 7 | B9: M7 R2 release: integrated flow + memory | C9: 14 | D9: =Summary!$C$4+7*(C9-1)+4 -> 46416 | E9: Memory, Clean Core loop, push-back, webhook, StatusReporter live
A10: 8 | B10: M8 R3 release: marketplace + private networking | C10: 20 | D10: =Summary!$C$4+7*(C10-1)+4 -> 46458 | E10: Agent marketplace, multi-model, dashboards, UAT complete
A11: 9 | B11: M9 Security sign-off | C11: 22 | D11: =Summary!$C$4+7*(C11-1)+4 -> 46472 | E11: Pen-test findings closed, DR test passed
A12: 10 | B12: M10 GA | C12: 24 | D12: =Summary!$C$4+7*(C12-1)+4 -> 46486 | E12: Production release, client-tenant template, support model live

Sheet Features
A1: ID | B1: Workstream | C1: Feature | D1: Description | E1: Release | F1: Release week | G1: Priority | H1: Status | I1: Start wk | J1: End wk | K1: Start date | L1: End date | M1: Person-weeks | N1: Depends on | O1: Owner | P1: MVP?
A2: A1 | B2: Azure Platform | C2: Azure landing zone + IaC | D2: Bicep/Terraform: resource groups (dev/prod), Key Vault, ACR, Log Analytics, tagging, RBAC | E2: R0 | F2: =IFERROR(VLOOKUP(E2,'Release Plan'!$A$5:$C$9,3,FALSE),"") -> 4 | G2: High | H2: Planned | I2: 1 | J2: 3 | K2: =Summary!$C$4+7*(I2-1) -> 46321 | L2: =Summary!$C$4+7*(J2-1)+4 -> 46339 | M2: 3 | O2: TBD | P2: Yes
A3: A2 | B3: Azure Platform | C3: Azure OpenAI / Foundry deployments | D3: Chat model + text-embedding-3 deployments; quota request; region and data-residency decision | E3: R0 | F3: =IFERROR(VLOOKUP(E3,'Release Plan'!$A$5:$C$9,3,FALSE),"") -> 4 | G3: High | H3: Planned | I3: 1 | J3: 3 | K3: =Summary!$C$4+7*(I3-1) -> 46321 | L3: =Summary!$C$4+7*(J3-1)+4 -> 46339 | M3: 1 | O3: TBD | P3: Yes
A4: A3 | B4: Azure Platform | C4: Azure AI Search + index schema v2 | D4: Standard S1, semantic ranker, hybrid index with metadata fields (object type, C1 status, S/4 version, source) | E4: R0 | F4: =IFERROR(VLOOKUP(E4,'Release Plan'!$A$5:$C$9,3,FALSE),"") -> 4 | G4: High | H4: Planned | I4: 2 | J4: 4 | K4: =Summary!$C$4+7*(I4-1) -> 46328 | L4: =Summary!$C$4+7*(J4-1)+4 -> 46346 | M4: 2 | N4: A1 | O4: TBD | P4: Yes
A5: A4 | B5: Azure Platform | C5: Containerize services | D5: Dockerfiles for darkhorse-mcp, llm-proxy, ingest job (with headless Chromium), agent service; push to ACR | E5: R0 | F5: =IFERROR(VLOOKUP(E5,'Release Plan'!$A$5:$C$9,3,FALSE),"") -> 4 | G5: High | H5: Planned | I5: 3 | J5: 4 | K5: =Summary!$C$4+7*(I5-1) -> 46335 | L5: =Summary!$C$4+7*(J5-1)+4 -> 46346 | M5: 2 | N5: A1 | O5: TBD | P5: Yes
A6: A5 | B6: Azure Platform | C6: Container Apps env + APIM + Front Door | D6: Internal ingress behind APIM, custom domain, rate limits, audit logging | E6: MVP | F6: =IFERROR(VLOOKUP(E6,'Release Plan'!$A$5:$C$9,3,FALSE),"") -> 8 | G6: High | H6: Planned | I6: 4 | J6: 6 | K6: =Summary!$C$4+7*(I6-1) -> 46342 | L6: =Summary!$C$4+7*(J6-1)+4 -> 46360 | M6: 3 | N6: A4 | O6: TBD | P6: Yes
A7: A6 | B7: Azure Platform | C7: Entra ID auth + managed identity | D7: App registration, JWT validation in APIM, replace API keys (Search, OpenAI, Cosmos) with managed identity | E7: MVP | F7: =IFERROR(VLOOKUP(E7,'Release Plan'!$A$5:$C$9,3,FALSE),"") -> 8 | G7: High | H7: Planned | I7: 4 | J7: 7 | K7: =Summary!$C$4+7*(I7-1) -> 46342 | L7: =Summary!$C$4+7*(J7-1)+4 -> 46367 | M7: 3 | N7: A5 | O7: TBD | P7: Yes
A8: A7 | B8: Azure Platform | C8: CI/CD pipelines | D8: GitHub Actions: build, test, image scan, deploy dev/prod, scheduled ingest | E8: R0 | F8: =IFERROR(VLOOKUP(E8,'Release Plan'!$A$5:$C$9,3,FALSE),"") -> 4 | G8: High | H8: Planned | I8: 3 | J8: 4 | K8: =Summary!$C$4+7*(I8-1) -> 46335 | L8: =Summary!$C$4+7*(J8-1)+4 -> 46346 | M8: 2 | N8: A1 | O8: TBD | P8: Yes
A9: A8 | B9: Azure Platform | C9: Observability + cost controls | D9: App Insights, dashboards, alerts, budgets, token usage metering | E9: MVP | F9: =IFERROR(VLOOKUP(E9,'Release Plan'!$A$5:$C$9,3,FALSE),"") -> 8 | G9: Med | H9: Planned | I9: 6 | J9: 8 | K9: =Summary!$C$4+7*(I9-1) -> 46356 | L9: =Summary!$C$4+7*(J9-1)+4 -> 46374 | M9: 2 | N9: A5 | O9: TBD | P9: Yes
A10: A9 | B10: Azure Platform | C10: Prod environment + go-live runbook | D10: Prod resources, smoke tests, rollback plan, on-call, MVP cutover | E10: MVP | F10: =IFERROR(VLOOKUP(E10,'Release Plan'!$A$5:$C$9,3,FALSE),"") -> 8 | G10: High | H10: Planned | I10: 7 | J10: 8 | K10: =Summary!$C$4+7*(I10-1) -> 46363 | L10: =Summary!$C$4+7*(J10-1)+4 -> 46374 | M10: 2 | N10: A6,A8 | O10: TBD | P10: Yes
A11: A10 | B11: Azure Platform | C11: Private networking | D11: VNet integration, Private Endpoints for OpenAI/Search/Cosmos, no public access option | E11: R3 | F11: =IFERROR(VLOOKUP(E11,'Release Plan'!$A$5:$C$9,3,FALSE),"") -> 20 | G11: Med | H11: Planned | I11: 16 | J11: 20 | K11: =Summary!$C$4+7*(I11-1) -> 46426 | L11: =Summary!$C$4+7*(J11-1)+4 -> 46458 | M11: 4 | N11: A9 | O11: TBD
A12: A11 | B12: Azure Platform | C12: Per-client deployment template | D12: Parameterized IaC for deployment into a client subscription/tenant + onboarding guide | E12: GA | F12: =IFERROR(VLOOKUP(E12,'Release Plan'!$A$5:$C$9,3,FALSE),"") -> 24 | G12: High | H12: Planned | I12: 20 | J12: 23 | K12: =Summary!$C$4+7*(I12-1) -> 46454 | L12: =Summary!$C$4+7*(J12-1)+4 -> 46479 | M12: 4 | N12: A10 | O12: TBD
A13: A12 | B13: Azure Platform | C13: DR, backup, load and pen-test remediation | D13: Backups, RPO/RTO test, load test, fix security findings | E13: GA | F13: =IFERROR(VLOOKUP(E13,'Release Plan'!$A$5:$C$9,3,FALSE),"") -> 24 | G13: High | H13: Planned | I13: 21 | J13: 24 | K13: =Summary!$C$4+7*(I13-1) -> 46461 | L13: =Summary!$C$4+7*(J13-1)+4 -> 46486 | M13: 3 | N13: A9 | O13: TBD
A14: B0 | B14: RAG & Knowledge | C14: Ingest framework + 8 fetchers + Azure embedder/index | D14: IFetcher/IChunker/IEmbedder/IVectorIndex; API Hub, Clean Core Guide, Arch Center, Help Portal | E14: Shipped | G14: High | H14: Done | M14: 0 | O14: TBD
A15: B1 | B15: RAG & Knowledge | C15: Scheduled ingest job on Azure | D15: Container Apps Job (nightly/weekly), run history, failure alerts | E15: MVP | F15: =IFERROR(VLOOKUP(E15,'Release Plan'!$A$5:$C$9,3,FALSE),"") -> 8 | G15: High | H15: Planned | I15: 5 | J15: 7 | K15: =Summary!$C$4+7*(I15-1) -> 46349 | L15: =Summary!$C$4+7*(J15-1)+4 -> 46367 | M15: 2 | N15: A4,A3 | O15: TBD | P15: Yes
A16: B2 | B16: RAG & Knowledge | C16: Re-ingest KB with hybrid + metadata filters | D16: Re-embed existing sources into index v2; released-API / S/4 version / object type filters | E16: MVP | F16: =IFERROR(VLOOKUP(E16,'Release Plan'!$A$5:$C$9,3,FALSE),"") -> 8 | G16: High | H16: Planned | I16: 5 | J16: 8 | K16: =Summary!$C$4+7*(I16-1) -> 46349 | L16: =Summary!$C$4+7*(J16-1)+4 -> 46374 | M16: 3 | N16: A3,A2 | O16: TBD | P16: Yes
A17: B3 | B17: RAG & Knowledge | C17: EDMX live run (XSUAA auth) | D17: BTP trial / bearer token path to download EDMX from API Hub | E17: R2 | F17: =IFERROR(VLOOKUP(E17,'Release Plan'!$A$5:$C$9,3,FALSE),"") -> 14 | G17: High | H17: Planned | I17: 9 | J17: 12 | K17: =Summary!$C$4+7*(I17-1) -> 46377 | L17: =Summary!$C$4+7*(J17-1)+4 -> 46402 | M17: 2 | N17: B1 | O17: TBD
A18: B4 | B18: RAG & Knowledge | C18: help-portal-cds re-crawl | D18: Re-crawl per-view detail pages to capture ABAP technical names | E18: R2 | F18: =IFERROR(VLOOKUP(E18,'Release Plan'!$A$5:$C$9,3,FALSE),"") -> 14 | G18: Med | H18: Planned | I18: 10 | J18: 13 | K18: =Summary!$C$4+7*(I18-1) -> 46384 | L18: =Summary!$C$4+7*(J18-1)+4 -> 46409 | M18: 2 | N18: B1 | O18: TBD
A19: B5 | B19: RAG & Knowledge | C19: KB coverage gap closure | D19: Close gaps from DarkHorse_08_KB_Assessment.md (BAdIs, RAP, CBO patterns, released API lists) | E19: R2 | F19: =IFERROR(VLOOKUP(E19,'Release Plan'!$A$5:$C$9,3,FALSE),"") -> 14 | G19: High | H19: Planned | I19: 11 | J19: 14 | K19: =Summary!$C$4+7*(I19-1) -> 46391 | L19: =Summary!$C$4+7*(J19-1)+4 -> 46416 | M19: 4 | N19: B8 | O19: TBD
A20: B6 | B20: RAG & Knowledge | C20: LearningPortalFetcher | D20: Lowest-priority additional source | E20: R3 | F20: =IFERROR(VLOOKUP(E20,'Release Plan'!$A$5:$C$9,3,FALSE),"") -> 20 | G20: Low | H20: Planned | I20: 17 | J20: 19 | K20: =Summary!$C$4+7*(I20-1) -> 46433 | L20: =Summary!$C$4+7*(J20-1)+4 -> 46451 | M20: 1 | N20: B1 | O20: TBD
A21: B7 | B21: RAG & Knowledge | C21: Blob raw cache + ingest versioning | D21: Store raw fetched docs in Blob, version index builds, rollback to previous index | E21: R2 | F21: =IFERROR(VLOOKUP(E21,'Release Plan'!$A$5:$C$9,3,FALSE),"") -> 14 | G21: Med | H21: Planned | I21: 9 | J21: 11 | K21: =Summary!$C$4+7*(I21-1) -> 46377 | L21: =Summary!$C$4+7*(J21-1)+4 -> 46395 | M21: 2 | N21: B1 | O21: TBD
A22: B8 | B22: RAG & Knowledge | C22: Retrieval quality eval harness | D22: Golden set of Clean Core questions; precision/recall, groundedness checks; run on every KB change | E22: MVP | F22: =IFERROR(VLOOKUP(E22,'Release Plan'!$A$5:$C$9,3,FALSE),"") -> 8 | G22: High | H22: Planned | I22: 6 | J22: 8 | K22: =Summary!$C$4+7*(I22-1) -> 46356 | L22: =Summary!$C$4+7*(J22-1)+4 -> 46374 | M22: 2 | N22: B2 | O22: TBD | P22: Yes
A23: C1 | B23: MCP Server | C23: MCP tools (verify_badi/exit, clean core level, CDS, EML, RAP, CBO) | D23: Local MCP server with 9+ tools and static + Azure KnowledgeProvider | E23: Shipped | G23: High | H23: Done | M23: 0 | O23: TBD
A24: C2 | B24: MCP Server | C24: MCP HTTP/SSE transport + auth middleware | D24: Confirm/enable network transport; validate Entra token; per-request tenant context | E24: MVP | F24: =IFERROR(VLOOKUP(E24,'Release Plan'!$A$5:$C$9,3,FALSE),"") -> 8 | G24: High | H24: Planned | I24: 3 | J24: 5 | K24: =Summary!$C$4+7*(I24-1) -> 46335 | L24: =Summary!$C$4+7*(J24-1)+4 -> 46353 | M24: 2 | O24: TBD | P24: Yes
A25: C3 | B25: MCP Server | C25: MCP uses managed identity for Search | D25: Remove AZURE_SEARCH_KEY; Search Index Data Reader role | E25: MVP | F25: =IFERROR(VLOOKUP(E25,'Release Plan'!$A$5:$C$9,3,FALSE),"") -> 8 | G25: High | H25: Planned | I25: 5 | J25: 6 | K25: =Summary!$C$4+7*(I25-1) -> 46349 | L25: =Summary!$C$4+7*(J25-1)+4 -> 46360 | M25: 1 | N25: C2,A6 | O25: TBD | P25: Yes
A26: C4 | B26: MCP Server | C26: New MCP tools | D26: get_released_api, check_atc_cleancore, search_memory, save_memory | E26: R2 | F26: =IFERROR(VLOOKUP(E26,'Release Plan'!$A$5:$C$9,3,FALSE),"") -> 14 | G26: High | H26: Planned | I26: 12 | J26: 14 | K26: =Summary!$C$4+7*(I26-1) -> 46398 | L26: =Summary!$C$4+7*(J26-1)+4 -> 46416 | M26: 3 | N26: E2 | O26: TBD
A27: C5 | B27: MCP Server | C27: MCP rate limits, audit logs, tenant filters | D27: Usage audit and per-client index filtering | E27: R2 | F27: =IFERROR(VLOOKUP(E27,'Release Plan'!$A$5:$C$9,3,FALSE),"") -> 14 | G27: Med | H27: Planned | I27: 13 | J27: 14 | K27: =Summary!$C$4+7*(I27-1) -> 46405 | L27: =Summary!$C$4+7*(J27-1)+4 -> 46416 | M27: 2 | N27: C2 | O27: TBD
A28: D1 | B28: Agents & Pipeline | C28: Grounded Code/TDS/SO/FDS agents | D28: Agents call MCP for grounding before generation (CPI-6 sprints 3-5) | E28: Shipped | G28: High | H28: Done | M28: 0 | O28: TBD
A29: D2 | B29: Agents & Pipeline | C29: ReviewAgent + auto-rewrite + ZI_ wrappers | D29: Independent LLM critic, direct-table SELECT rewrite, auto CDS wrappers (sprint 6) | E29: Shipped | G29: High | H29: Done | M29: 0 | O29: TBD
A30: D3 | B30: Agents & Pipeline | C30: TdsPostCodeAgent | D30: Fills TDS program logic, CDS defs, test cases after code gen | E30: Shipped | G30: Med | H30: Done | M30: 0 | O30: TBD
A31: D4 | B31: Agents & Pipeline | C31: Solution architecture diagram | D31: Mermaid call/dependency graph after code generation | E31: Shipped | G31: Med | H31: Done | M31: 0 | O31: TBD
A32: D5 | B32: Agents & Pipeline | C32: Headless agent service on Azure | D32: Extract pipeline orchestration from the extension into a service API so Continuum/ChickletFlow can trigger runs | E32: R2 | F32: =IFERROR(VLOOKUP(E32,'Release Plan'!$A$5:$C$9,3,FALSE),"") -> 14 | G32: High | H32: Planned | I32: 9 | J32: 14 | K32: =Summary!$C$4+7*(I32-1) -> 46377 | L32: =Summary!$C$4+7*(J32-1)+4 -> 46416 | M32: 6 | N32: D6,C2 | O32: TBD
A33: D6 | B33: Agents & Pipeline | C33: LLM proxy on Azure | D33: Azure OpenAI backend via adapter, PII/secret scrubbing, token metering, retries | E33: MVP | F33: =IFERROR(VLOOKUP(E33,'Release Plan'!$A$5:$C$9,3,FALSE),"") -> 8 | G33: High | H33: Planned | I33: 4 | J33: 7 | K33: =Summary!$C$4+7*(I33-1) -> 46342 | L33: =Summary!$C$4+7*(J33-1)+4 -> 46367 | M33: 3 | N33: A2,A5 | O33: TBD | P33: Yes
A34: D7 | B34: Agents & Pipeline | C34: Clean Core validation loop | D34: Generate, validate vs released APIs / ATC Clean Core, auto-retry, log violations for KB gaps | E34: R2 | F34: =IFERROR(VLOOKUP(E34,'Release Plan'!$A$5:$C$9,3,FALSE),"") -> 14 | G34: High | H34: Planned | I34: 9 | J34: 13 | K34: =Summary!$C$4+7*(I34-1) -> 46377 | L34: =Summary!$C$4+7*(J34-1)+4 -> 46409 | M34: 4 | N34: B2,C2 | O34: TBD
A35: D8 | B35: Agents & Pipeline | C35: Source citations in generated output | D35: Attach retrieved chunk references to generated TDS/code | E35: R2 | F35: =IFERROR(VLOOKUP(E35,'Release Plan'!$A$5:$C$9,3,FALSE),"") -> 14 | G35: Med | H35: Planned | I35: 12 | J35: 14 | K35: =Summary!$C$4+7*(I35-1) -> 46398 | L35: =Summary!$C$4+7*(J35-1)+4 -> 46416 | M35: 2 | N35: D7 | O35: TBD
A36: D9 | B36: Agents & Pipeline | C36: Agent marketplace (Sprint 7) | D36: Catalog, install and versioning of agents per docs/DarkHorse_06 Sprint 7 | E36: R3 | F36: =IFERROR(VLOOKUP(E36,'Release Plan'!$A$5:$C$9,3,FALSE),"") -> 20 | G36: Med | H36: Planned | I36: 15 | J36: 20 | K36: =Summary!$C$4+7*(I36-1) -> 46419 | L36: =Summary!$C$4+7*(J36-1)+4 -> 46458 | M36: 6 | N36: D5 | O36: TBD
A37: D10 | B37: Agents & Pipeline | C37: Multi-model routing | D37: Azure OpenAI / Claude on Foundry / Ollama via adapter; per-agent model choice | E37: R3 | F37: =IFERROR(VLOOKUP(E37,'Release Plan'!$A$5:$C$9,3,FALSE),"") -> 20 | G37: Med | H37: Planned | I37: 14 | J37: 17 | K37: =Summary!$C$4+7*(I37-1) -> 46412 | L37: =Summary!$C$4+7*(J37-1)+4 -> 46437 | M37: 3 | N37: D6 | O37: TBD
A38: D11 | B38: Agents & Pipeline | C38: Prompt registry + eval regression suite | D38: Versioned prompts, automated regression on golden FDS/TDS set | E38: R3 | F38: =IFERROR(VLOOKUP(E38,'Release Plan'!$A$5:$C$9,3,FALSE),"") -> 20 | G38: Med | H38: Planned | I38: 16 | J38: 19 | K38: =Summary!$C$4+7*(I38-1) -> 46426 | L38: =Summary!$C$4+7*(J38-1)+4 -> 46451 | M38: 3 | N38: B8 | O38: TBD
A39: E1 | B39: Memory | C39: Cosmos DB + memory schema | D39: Provision Cosmos; session/project/user memory containers; partition by client/project | E39: R2 | F39: =IFERROR(VLOOKUP(E39,'Release Plan'!$A$5:$C$9,3,FALSE),"") -> 14 | G39: High | H39: Planned | I39: 8 | J39: 10 | K39: =Summary!$C$4+7*(I39-1) -> 46370 | L39: =Summary!$C$4+7*(J39-1)+4 -> 46388 | M39: 2 | N39: A6 | O39: TBD
A40: E2 | B40: Memory | C40: Session & project memory API | D40: Memory read/write service + MCP tools; agents recall prior decisions | E40: R2 | F40: =IFERROR(VLOOKUP(E40,'Release Plan'!$A$5:$C$9,3,FALSE),"") -> 14 | G40: High | H40: Planned | I40: 10 | J40: 13 | K40: =Summary!$C$4+7*(I40-1) -> 46384 | L40: =Summary!$C$4+7*(J40-1)+4 -> 46409 | M40: 3 | N40: E1 | O40: TBD
A41: E3 | B41: Memory | C41: Correction Store indexed to AI Search | D41: Developer edits (corrections/*.json) become retrievable long-term memory | E41: R2 | F41: =IFERROR(VLOOKUP(E41,'Release Plan'!$A$5:$C$9,3,FALSE),"") -> 14 | G41: High | H41: Planned | I41: 11 | J41: 14 | K41: =Summary!$C$4+7*(I41-1) -> 46391 | L41: =Summary!$C$4+7*(J41-1)+4 -> 46416 | M41: 3 | N41: E1,B2 | O41: TBD
A42: E4 | B42: Memory | C42: Approved-pattern library | D42: Promote reviewed code to curated patterns; retrieval boost | E42: R3 | F42: =IFERROR(VLOOKUP(E42,'Release Plan'!$A$5:$C$9,3,FALSE),"") -> 20 | G42: Med | H42: Planned | I42: 15 | J42: 18 | K42: =Summary!$C$4+7*(I42-1) -> 46419 | L42: =Summary!$C$4+7*(J42-1)+4 -> 46444 | M42: 3 | N42: E3 | O42: TBD
A43: E5 | B43: Memory | C43: Memory governance | D43: Retention, per-client isolation, PII purge, export | E43: R3 | F43: =IFERROR(VLOOKUP(E43,'Release Plan'!$A$5:$C$9,3,FALSE),"") -> 20 | G43: Med | H43: Planned | I43: 17 | J43: 19 | K43: =Summary!$C$4+7*(I43-1) -> 46433 | L43: =Summary!$C$4+7*(J43-1)+4 -> 46451 | M43: 2 | N43: E2 | O43: TBD
A44: F1 | B44: Editor | C44: Editor endpoint config + Entra sign-in | D44: Settings for APIM URL per client; sign-in flow; token refresh | E44: MVP | F44: =IFERROR(VLOOKUP(E44,'Release Plan'!$A$5:$C$9,3,FALSE),"") -> 8 | G44: High | H44: Planned | I44: 5 | J44: 8 | K44: =Summary!$C$4+7*(I44-1) -> 46349 | L44: =Summary!$C$4+7*(J44-1)+4 -> 46374 | M44: 3 | N44: A6 | O44: TBD | P44: Yes
A45: F2 | B45: Editor | C45: Extension v0.7.38 + version in status bar | D45: Current editor extension baseline | E45: Shipped | G45: Low | H45: Done | M45: 0 | O45: TBD
A46: F3 | B46: Editor | C46: Pipeline UX for Azure status/errors | D46: Clear surfacing of grounding failures, auth expiry, throttling | E46: MVP | F46: =IFERROR(VLOOKUP(E46,'Release Plan'!$A$5:$C$9,3,FALSE),"") -> 8 | G46: Med | H46: Planned | I46: 7 | J46: 8 | K46: =Summary!$C$4+7*(I46-1) -> 46363 | L46: =Summary!$C$4+7*(J46-1)+4 -> 46374 | M46: 1 | N46: F1 | O46: TBD | P46: Yes
A47: F4 | B47: Editor | C47: Installer + update channel | D47: Signed .vsix / fork builds, release channels (pilot/stable) | E47: R2 | F47: =IFERROR(VLOOKUP(E47,'Release Plan'!$A$5:$C$9,3,FALSE),"") -> 14 | G47: Med | H47: Planned | I47: 11 | J47: 14 | K47: =Summary!$C$4+7*(I47-1) -> 46391 | L47: =Summary!$C$4+7*(J47-1)+4 -> 46416 | M47: 2 | N47: F1 | O47: TBD
A48: F5 | B48: Editor | C48: Telemetry (opt-in) + usage dashboard | D48: Adoption, generation success, Clean Core pass rate | E48: R3 | F48: =IFERROR(VLOOKUP(E48,'Release Plan'!$A$5:$C$9,3,FALSE),"") -> 20 | G48: Low | H48: Planned | I48: 16 | J48: 18 | K48: =Summary!$C$4+7*(I48-1) -> 46426 | L48: =Summary!$C$4+7*(J48-1)+4 -> 46444 | M48: 2 | N48: A8 | O48: TBD
A49: G1 | B49: Continuum Integration | C49: Continuum service-token API + OpenAPI spec | D49: Machine auth for /api/w/[slug]/ricefws* (today session-only); documented contract | E49: MVP | F49: =IFERROR(VLOOKUP(E49,'Release Plan'!$A$5:$C$9,3,FALSE),"") -> 8 | G49: High | H49: Planned | I49: 3 | J49: 6 | K49: =Summary!$C$4+7*(I49-1) -> 46335 | L49: =Summary!$C$4+7*(J49-1)+4 -> 46360 | M49: 3 | N49: I2 | O49: TBD | P49: Yes
A50: G2 | B50: Continuum Integration | C50: DarkHorse ContinuumClient (pull specs) | D50: Fetch approved FDS/TDS sections by objectId as pipeline input | E50: MVP | F50: =IFERROR(VLOOKUP(E50,'Release Plan'!$A$5:$C$9,3,FALSE),"") -> 8 | G50: High | H50: Planned | I50: 5 | J50: 8 | K50: =Summary!$C$4+7*(I50-1) -> 46349 | L50: =Summary!$C$4+7*(J50-1)+4 -> 46374 | M50: 3 | N50: G1 | O50: TBD | P50: Yes
A51: G3 | B51: Continuum Integration | C51: Push-back from DarkHorse | D51: Create draft version / attachments: generated TDS, code, diagram, Clean Core report | E51: R2 | F51: =IFERROR(VLOOKUP(E51,'Release Plan'!$A$5:$C$9,3,FALSE),"") -> 14 | G51: High | H51: Planned | I51: 9 | J51: 12 | K51: =Summary!$C$4+7*(I51-1) -> 46377 | L51: =Summary!$C$4+7*(J51-1)+4 -> 46402 | M51: 3 | N51: G5,G2 | O51: TBD
A52: G4 | B52: Continuum Integration | C52: Approval webhook -> DarkHorse run | D52: On APPROVED/PUBLISHED version, trigger agent service run | E52: R2 | F52: =IFERROR(VLOOKUP(E52,'Release Plan'!$A$5:$C$9,3,FALSE),"") -> 14 | G52: High | H52: Planned | I52: 11 | J52: 14 | K52: =Summary!$C$4+7*(I52-1) -> 46391 | L52: =Summary!$C$4+7*(J52-1)+4 -> 46416 | M52: 3 | N52: D5,G5 | O52: TBD
A53: G5 | B53: Continuum Integration | C53: Continuum schema additions | D53: darkhorseRunId, cleanCoreScore, generated objects; TraceSystem DARKHORSE; Prisma migration | E53: R2 | F53: =IFERROR(VLOOKUP(E53,'Release Plan'!$A$5:$C$9,3,FALSE),"") -> 14 | G53: High | H53: Planned | I53: 9 | J53: 11 | K53: =Summary!$C$4+7*(I53-1) -> 46377 | L53: =Summary!$C$4+7*(J53-1)+4 -> 46395 | M53: 2 | N53: G1 | O53: TBD
A54: G6 | B54: Continuum Integration | C54: Continuum on Azure + Entra SSO | D54: Container Apps + Azure Postgres Flexible; replace credentials auth with Entra | E54: R2 | F54: =IFERROR(VLOOKUP(E54,'Release Plan'!$A$5:$C$9,3,FALSE),"") -> 14 | G54: High | H54: Planned | I54: 7 | J54: 11 | K54: =Summary!$C$4+7*(I54-1) -> 46363 | L54: =Summary!$C$4+7*(J54-1)+4 -> 46395 | M54: 4 | N54: A1,I1 | O54: TBD
A55: G7 | B55: Continuum Integration | C55: Continuum AI via LLM proxy | D55: Replace direct ANTHROPIC_API_KEY in lib/ai with Azure LLM proxy | E55: R2 | F55: =IFERROR(VLOOKUP(E55,'Release Plan'!$A$5:$C$9,3,FALSE),"") -> 14 | G55: Med | H55: Planned | I55: 10 | J55: 12 | K55: =Summary!$C$4+7*(I55-1) -> 46384 | L55: =Summary!$C$4+7*(J55-1)+4 -> 46402 | M55: 2 | N55: D6,G6 | O55: TBD
A56: G8 | B56: Continuum Integration | C56: Continuum UI: Generate with DarkHorse | D56: Button, run status panel, Clean Core badge on RICEFW page | E56: R3 | F56: =IFERROR(VLOOKUP(E56,'Release Plan'!$A$5:$C$9,3,FALSE),"") -> 20 | G56: Med | H56: Planned | I56: 14 | J56: 18 | K56: =Summary!$C$4+7*(I56-1) -> 46412 | L56: =Summary!$C$4+7*(J56-1)+4 -> 46444 | M56: 4 | N56: G4 | O56: TBD
A57: H1 | B57: ChickletFlow Integration | C57: ChickletFlow auth (Entra + service tokens) | D57: No auth today (CORS only); secure API and WebSocket | E57: R2 | F57: =IFERROR(VLOOKUP(E57,'Release Plan'!$A$5:$C$9,3,FALSE),"") -> 14 | G57: High | H57: Planned | I57: 6 | J57: 9 | K57: =Summary!$C$4+7*(I57-1) -> 46356 | L57: =Summary!$C$4+7*(J57-1)+4 -> 46381 | M57: 3 | N57: I1 | O57: TBD
A58: H2 | B58: ChickletFlow Integration | C58: Work item link fields | D58: continuum_object_id, continuum_url, darkhorse_run_id, clean_core_score; Alembic migration | E58: R2 | F58: =IFERROR(VLOOKUP(E58,'Release Plan'!$A$5:$C$9,3,FALSE),"") -> 14 | G58: High | H58: Planned | I58: 8 | J58: 10 | K58: =Summary!$C$4+7*(I58-1) -> 46370 | L58: =Summary!$C$4+7*(J58-1)+4 -> 46388 | M58: 2 | N58: I2 | O58: TBD
A59: H3 | B59: ChickletFlow Integration | C59: Events endpoint + status_history source | D59: POST /api/work-items/{id}/events; record source (user/darkhorse/continuum); broadcast over /ws/board | E59: R2 | F59: =IFERROR(VLOOKUP(E59,'Release Plan'!$A$5:$C$9,3,FALSE),"") -> 14 | G59: High | H59: Planned | I59: 9 | J59: 12 | K59: =Summary!$C$4+7*(I59-1) -> 46377 | L59: =Summary!$C$4+7*(J59-1)+4 -> 46402 | M59: 3 | N59: H2,H1 | O59: TBD
A60: H4 | B60: ChickletFlow Integration | C60: DarkHorse StatusReporter | D60: Pipeline moves chicklets as run progresses (Build In-Progress, TS Updates/Code Review, blocked on failure) | E60: R2 | F60: =IFERROR(VLOOKUP(E60,'Release Plan'!$A$5:$C$9,3,FALSE),"") -> 14 | G60: High | H60: Planned | I60: 11 | J60: 14 | K60: =Summary!$C$4+7*(I60-1) -> 46391 | L60: =Summary!$C$4+7*(J60-1)+4 -> 46416 | M60: 3 | N60: H3,D5 | O60: TBD
A61: H5 | B61: ChickletFlow Integration | C61: Auto-status mapping rules | D61: Continuum approval states and DarkHorse results map to board columns; configurable | E61: R2 | F61: =IFERROR(VLOOKUP(E61,'Release Plan'!$A$5:$C$9,3,FALSE),"") -> 14 | G61: Med | H61: Planned | I61: 12 | J61: 14 | K61: =Summary!$C$4+7*(I61-1) -> 46398 | L61: =Summary!$C$4+7*(J61-1)+4 -> 46416 | M61: 2 | N61: H3 | O61: TBD
A62: H6 | B62: ChickletFlow Integration | C62: ChickletFlow on Azure | D62: Container Apps + Postgres Flexible; WebSocket ingress or Web PubSub; Alembic on deploy | E62: R2 | F62: =IFERROR(VLOOKUP(E62,'Release Plan'!$A$5:$C$9,3,FALSE),"") -> 14 | G62: High | H62: Planned | I62: 8 | J62: 11 | K62: =Summary!$C$4+7*(I62-1) -> 46370 | L62: =Summary!$C$4+7*(J62-1)+4 -> 46395 | M62: 3 | N62: A1 | O62: TBD
A63: H7 | B63: ChickletFlow Integration | C63: Board: run badge + delivery dashboard | D63: DarkHorse run badge, Clean Core score, cycle-time / throughput by status | E63: R3 | F63: =IFERROR(VLOOKUP(E63,'Release Plan'!$A$5:$C$9,3,FALSE),"") -> 20 | G63: Med | H63: Planned | I63: 15 | J63: 19 | K63: =Summary!$C$4+7*(I63-1) -> 46419 | L63: =Summary!$C$4+7*(J63-1)+4 -> 46451 | M63: 4 | N63: H4 | O63: TBD
A64: I1 | B64: Cross-Product | C64: Unified identity (Entra groups/roles) | D64: Common roles across DarkHorse, Continuum, ChickletFlow; group-based access | E64: MVP | F64: =IFERROR(VLOOKUP(E64,'Release Plan'!$A$5:$C$9,3,FALSE),"") -> 8 | G64: High | H64: Planned | I64: 5 | J64: 8 | K64: =Summary!$C$4+7*(I64-1) -> 46349 | L64: =Summary!$C$4+7*(J64-1)+4 -> 46374 | M64: 2 | N64: A6 | O64: TBD | P64: Yes
A65: I2 | B65: Cross-Product | C65: Event and ID contract | D65: Shared schema: RICEFW ID mapping, run events, statuses; versioned; sign-off by all 3 teams | E65: R0 | F65: =IFERROR(VLOOKUP(E65,'Release Plan'!$A$5:$C$9,3,FALSE),"") -> 4 | G65: High | H65: Planned | I65: 2 | J65: 4 | K65: =Summary!$C$4+7*(I65-1) -> 46328 | L65: =Summary!$C$4+7*(J65-1)+4 -> 46346 | M65: 2 | O65: TBD | P65: Yes
A66: I3 | B66: Cross-Product | C66: End-to-end UAT | D66: Continuum approval -> DarkHorse -> code -> ChickletFlow status, across 5+ RICEFW types | E66: R3 | F66: =IFERROR(VLOOKUP(E66,'Release Plan'!$A$5:$C$9,3,FALSE),"") -> 20 | G66: High | H66: Planned | I66: 18 | J66: 20 | K66: =Summary!$C$4+7*(I66-1) -> 46440 | L66: =Summary!$C$4+7*(J66-1)+4 -> 46458 | M66: 3 | N66: G4,H4 | O66: TBD
A67: I4 | B67: Cross-Product | C67: Internal pilot on one RICEFW | D67: End-to-end with a real object from Continuum Docs (e.g. RTR-R-0717 report) on Azure | E67: MVP | F67: =IFERROR(VLOOKUP(E67,'Release Plan'!$A$5:$C$9,3,FALSE),"") -> 8 | G67: High | H67: Planned | I67: 7 | J67: 8 | K67: =Summary!$C$4+7*(I67-1) -> 46363 | L67: =Summary!$C$4+7*(J67-1)+4 -> 46374 | M67: 1 | N67: G2,A9 | O67: TBD | P67: Yes
A68: I5 | B68: Cross-Product | C68: Wider program pilot | D68: Run on a full RICEFW backlog for one program; collect accuracy and time-saved metrics | E68: GA | F68: =IFERROR(VLOOKUP(E68,'Release Plan'!$A$5:$C$9,3,FALSE),"") -> 24 | G68: High | H68: Planned | I68: 21 | J68: 23 | K68: =Summary!$C$4+7*(I68-1) -> 46461 | L68: =Summary!$C$4+7*(J68-1)+4 -> 46479 | M68: 3 | N68: I3 | O68: TBD
A69: J1 | B69: Release & Governance | C69: Threat model + security design review | D69: Data flows, secrets, tenant isolation; Azure Policy baseline | E69: R0 | F69: =IFERROR(VLOOKUP(E69,'Release Plan'!$A$5:$C$9,3,FALSE),"") -> 4 | G69: High | H69: Planned | I69: 2 | J69: 3 | K69: =Summary!$C$4+7*(I69-1) -> 46328 | L69: =Summary!$C$4+7*(J69-1)+4 -> 46339 | M69: 1 | N69: A1 | O69: TBD | P69: Yes
A70: J2 | B70: Release & Governance | C70: Documentation + training | D70: Admin guide, developer guide, runbooks, short training videos | E70: GA | F70: =IFERROR(VLOOKUP(E70,'Release Plan'!$A$5:$C$9,3,FALSE),"") -> 24 | G70: Med | H70: Planned | I70: 18 | J70: 23 | K70: =Summary!$C$4+7*(I70-1) -> 46440 | L70: =Summary!$C$4+7*(J70-1)+4 -> 46479 | M70: 3 | O70: TBD
A71: J3 | B71: Release & Governance | C71: GA readiness + go-live | D71: Go/no-go, support model, SLA, comms | E71: GA | F71: =IFERROR(VLOOKUP(E71,'Release Plan'!$A$5:$C$9,3,FALSE),"") -> 24 | G71: High | H71: Planned | I71: 23 | J71: 24 | K71: =Summary!$C$4+7*(I71-1) -> 46475 | L71: =Summary!$C$4+7*(J71-1)+4 -> 46486 | M71: 2 | N71: J4,I5 | O71: TBD
A72: J4 | B72: Release & Governance | C72: Security review + penetration test | D72: External/internal pen-test of the 3 apps and Azure estate | E72: GA | F72: =IFERROR(VLOOKUP(E72,'Release Plan'!$A$5:$C$9,3,FALSE),"") -> 24 | G72: High | H72: Planned | I72: 21 | J72: 23 | K72: =Summary!$C$4+7*(I72-1) -> 46461 | L72: =Summary!$C$4+7*(J72-1)+4 -> 46479 | M72: 3 | N72: A12 | O72: TBD

Sheet Weekly Timeline
A1: Weekly timeline (driven by Features start/end week; change them in Features)
B3: Week starting (Mon) | F3: =Summary!$C$4+7*(F4-1) -> 46321 | G3: =Summary!$C$4+7*(G4-1) -> 46328 | H3: =Summary!$C$4+7*(H4-1) -> 46335 | I3: =Summary!$C$4+7*(I4-1) -> 46342 | J3: =Summary!$C$4+7*(J4-1) -> 46349 | K3: =Summary!$C$4+7*(K4-1) -> 46356 | L3: =Summary!$C$4+7*(L4-1) -> 46363 | M3: =Summary!$C$4+7*(M4-1) -> 46370 | ... AE3: =Summary!$C$4+7*(AE4-1) -> 46496
A4: ID | B4: Feature | C4: Release | D4: Start | E4: End | F4: 1 | G4: 2 | H4: 3 | I4: 4 | J4: 5 | K4: 6 | L4: 7 | M4: 8 | N4: 9 | O4: 10 | P4: 11 | Q4: 12 | R4: 13 | S4: 14 | T4: 15 | U4: 16 | V4: 17 | W4: 18 | X4: 19 | Y4: 20 | Z4: 21 | AA4: 22 | AB4: 23 | AC4: 24 | AD4: 25 | AE4: 26
B5: Milestones (diamond) | F5: =IF(COUNTIF(Milestones!$C$2:$C$12,F$4)>0,"◆","") -> ◆ | G5: =IF(COUNTIF(Milestones!$C$2:$C$12,G$4)>0,"◆","") | H5: =IF(COUNTIF(Milestones!$C$2:$C$12,H$4)>0,"◆","") | I5: =IF(COUNTIF(Milestones!$C$2:$C$12,I$4)>0,"◆","") -> ◆ | J5: =IF(COUNTIF(Milestones!$C$2:$C$12,J$4)>0,"◆","") | K5: =IF(COUNTIF(Milestones!$C$2:$C$12,K$4)>0,"◆","") | L5: =IF(COUNTIF(Milestones!$C$2:$C$12,L$4)>0,"◆","") -> ◆ | M5: =IF(COUNTIF(Milestones!$C$2:$C$12,M$4)>0,"◆","") -> ◆ | ... AE5: =IF(COUNTIF(Milestones!$C$2:$C$12,AE$4)>0,"◆","")
B6: Releases (R0/MVP/R2/R3/GA) | F6: =IFERROR(INDEX('Release Plan'!$A$5:$A$9,MATCH(F$4,'Release Plan'!$C$5:$C$9,0)),"") | G6: =IFERROR(INDEX('Release Plan'!$A$5:$A$9,MATCH(G$4,'Release Plan'!$C$5:$C$9,0)),"") | H6: =IFERROR(INDEX('Release Plan'!$A$5:$A$9,MATCH(H$4,'Release Plan'!$C$5:$C$9,0)),"") | I6: =IFERROR(INDEX('Release Plan'!$A$5:$A$9,MATCH(I$4,'Release Plan'!$C$5:$C$9,0)),"") -> R0 | J6: =IFERROR(INDEX('Release Plan'!$A$5:$A$9,MATCH(J$4,'Release Plan'!$C$5:$C$9,0)),"") | K6: =IFERROR(INDEX('Release Plan'!$A$5:$A$9,MATCH(K$4,'Release Plan'!$C$5:$C$9,0)),"") | L6: =IFERROR(INDEX('Release Plan'!$A$5:$A$9,MATCH(L$4,'Release Plan'!$C$5:$C$9,0)),"") | M6: =IFERROR(INDEX('Release Plan'!$A$5:$A$9,MATCH(M$4,'Release Plan'!$C$5:$C$9,0)),"") -> MVP | ... AE6: =IFERROR(INDEX('Release Plan'!$A$5:$A$9,MATCH(AE$4,'Release Plan'!$C$5:$C$9,0)),"")
A7: Azure Platform
A8: =Features!A2 -> A1 | B8: =Features!C2 -> Azure landing zone + IaC | C8: =Features!E2 -> R0 | D8: =Features!I2 -> 1 | E8: =Features!J2 -> 3 | F8: =IF(AND(F$4>=$D8,F$4<=$E8),1,"") -> 1 | G8: =IF(AND(G$4>=$D8,G$4<=$E8),1,"") -> 1 | H8: =IF(AND(H$4>=$D8,H$4<=$E8),1,"") -> 1 | I8: =IF(AND(I$4>=$D8,I$4<=$E8),1,"") | J8: =IF(AND(J$4>=$D8,J$4<=$E8),1,"") | K8: =IF(AND(K$4>=$D8,K$4<=$E8),1,"") | L8: =IF(AND(L$4>=$D8,L$4<=$E8),1,"") | M8: =IF(AND(M$4>=$D8,M$4<=$E8),1,"") | ... AE8: =IF(AND(AE$4>=$D8,AE$4<=$E8),1,"")
A9: =Features!A3 -> A2 | B9: =Features!C3 -> Azure OpenAI / Foundry deployments | C9: =Features!E3 -> R0 | D9: =Features!I3 -> 1 | E9: =Features!J3 -> 3 | F9: =IF(AND(F$4>=$D9,F$4<=$E9),1,"") -> 1 | G9: =IF(AND(G$4>=$D9,G$4<=$E9),1,"") -> 1 | H9: =IF(AND(H$4>=$D9,H$4<=$E9),1,"") -> 1 | I9: =IF(AND(I$4>=$D9,I$4<=$E9),1,"") | J9: =IF(AND(J$4>=$D9,J$4<=$E9),1,"") | K9: =IF(AND(K$4>=$D9,K$4<=$E9),1,"") | L9: =IF(AND(L$4>=$D9,L$4<=$E9),1,"") | M9: =IF(AND(M$4>=$D9,M$4<=$E9),1,"") | ... AE9: =IF(AND(AE$4>=$D9,AE$4<=$E9),1,"")
A10: =Features!A4 -> A3 | B10: =Features!C4 -> Azure AI Search + index schema v2 | C10: =Features!E4 -> R0 | D10: =Features!I4 -> 2 | E10: =Features!J4 -> 4 | F10: =IF(AND(F$4>=$D10,F$4<=$E10),1,"") | G10: =IF(AND(G$4>=$D10,G$4<=$E10),1,"") -> 1 | H10: =IF(AND(H$4>=$D10,H$4<=$E10),1,"") -> 1 | I10: =IF(AND(I$4>=$D10,I$4<=$E10),1,"") -> 1 | J10: =IF(AND(J$4>=$D10,J$4<=$E10),1,"") | K10: =IF(AND(K$4>=$D10,K$4<=$E10),1,"") | L10: =IF(AND(L$4>=$D10,L$4<=$E10),1,"") | M10: =IF(AND(M$4>=$D10,M$4<=$E10),1,"") | ... AE10: =IF(AND(AE$4>=$D10,AE$4<=$E10),1,"")
A11: =Features!A5 -> A4 | B11: =Features!C5 -> Containerize services | C11: =Features!E5 -> R0 | D11: =Features!I5 -> 3 | E11: =Features!J5 -> 4 | F11: =IF(AND(F$4>=$D11,F$4<=$E11),1,"") | G11: =IF(AND(G$4>=$D11,G$4<=$E11),1,"") | H11: =IF(AND(H$4>=$D11,H$4<=$E11),1,"") -> 1 | I11: =IF(AND(I$4>=$D11,I$4<=$E11),1,"") -> 1 | J11: =IF(AND(J$4>=$D11,J$4<=$E11),1,"") | K11: =IF(AND(K$4>=$D11,K$4<=$E11),1,"") | L11: =IF(AND(L$4>=$D11,L$4<=$E11),1,"") | M11: =IF(AND(M$4>=$D11,M$4<=$E11),1,"") | ... AE11: =IF(AND(AE$4>=$D11,AE$4<=$E11),1,"")
A12: =Features!A6 -> A5 | B12: =Features!C6 -> Container Apps env + APIM + Front Door | C12: =Features!E6 -> MVP | D12: =Features!I6 -> 4 | E12: =Features!J6 -> 6 | F12: =IF(AND(F$4>=$D12,F$4<=$E12),1,"") | G12: =IF(AND(G$4>=$D12,G$4<=$E12),1,"") | H12: =IF(AND(H$4>=$D12,H$4<=$E12),1,"") | I12: =IF(AND(I$4>=$D12,I$4<=$E12),1,"") -> 1 | J12: =IF(AND(J$4>=$D12,J$4<=$E12),1,"") -> 1 | K12: =IF(AND(K$4>=$D12,K$4<=$E12),1,"") -> 1 | L12: =IF(AND(L$4>=$D12,L$4<=$E12),1,"") | M12: =IF(AND(M$4>=$D12,M$4<=$E12),1,"") | ... AE12: =IF(AND(AE$4>=$D12,AE$4<=$E12),1,"")
A13: =Features!A7 -> A6 | B13: =Features!C7 -> Entra ID auth + managed identity | C13: =Features!E7 -> MVP | D13: =Features!I7 -> 4 | E13: =Features!J7 -> 7 | F13: =IF(AND(F$4>=$D13,F$4<=$E13),1,"") | G13: =IF(AND(G$4>=$D13,G$4<=$E13),1,"") | H13: =IF(AND(H$4>=$D13,H$4<=$E13),1,"") | I13: =IF(AND(I$4>=$D13,I$4<=$E13),1,"") -> 1 | J13: =IF(AND(J$4>=$D13,J$4<=$E13),1,"") -> 1 | K13: =IF(AND(K$4>=$D13,K$4<=$E13),1,"") -> 1 | L13: =IF(AND(L$4>=$D13,L$4<=$E13),1,"") -> 1 | M13: =IF(AND(M$4>=$D13,M$4<=$E13),1,"") | ... AE13: =IF(AND(AE$4>=$D13,AE$4<=$E13),1,"")
A14: =Features!A8 -> A7 | B14: =Features!C8 -> CI/CD pipelines | C14: =Features!E8 -> R0 | D14: =Features!I8 -> 3 | E14: =Features!J8 -> 4 | F14: =IF(AND(F$4>=$D14,F$4<=$E14),1,"") | G14: =IF(AND(G$4>=$D14,G$4<=$E14),1,"") | H14: =IF(AND(H$4>=$D14,H$4<=$E14),1,"") -> 1 | I14: =IF(AND(I$4>=$D14,I$4<=$E14),1,"") -> 1 | J14: =IF(AND(J$4>=$D14,J$4<=$E14),1,"") | K14: =IF(AND(K$4>=$D14,K$4<=$E14),1,"") | L14: =IF(AND(L$4>=$D14,L$4<=$E14),1,"") | M14: =IF(AND(M$4>=$D14,M$4<=$E14),1,"") | ... AE14: =IF(AND(AE$4>=$D14,AE$4<=$E14),1,"")
A15: =Features!A9 -> A8 | B15: =Features!C9 -> Observability + cost controls | C15: =Features!E9 -> MVP | D15: =Features!I9 -> 6 | E15: =Features!J9 -> 8 | F15: =IF(AND(F$4>=$D15,F$4<=$E15),1,"") | G15: =IF(AND(G$4>=$D15,G$4<=$E15),1,"") | H15: =IF(AND(H$4>=$D15,H$4<=$E15),1,"") | I15: =IF(AND(I$4>=$D15,I$4<=$E15),1,"") | J15: =IF(AND(J$4>=$D15,J$4<=$E15),1,"") | K15: =IF(AND(K$4>=$D15,K$4<=$E15),1,"") -> 1 | L15: =IF(AND(L$4>=$D15,L$4<=$E15),1,"") -> 1 | M15: =IF(AND(M$4>=$D15,M$4<=$E15),1,"") -> 1 | ... AE15: =IF(AND(AE$4>=$D15,AE$4<=$E15),1,"")
A16: =Features!A10 -> A9 | B16: =Features!C10 -> Prod environment + go-live runbook | C16: =Features!E10 -> MVP | D16: =Features!I10 -> 7 | E16: =Features!J10 -> 8 | F16: =IF(AND(F$4>=$D16,F$4<=$E16),1,"") | G16: =IF(AND(G$4>=$D16,G$4<=$E16),1,"") | H16: =IF(AND(H$4>=$D16,H$4<=$E16),1,"") | I16: =IF(AND(I$4>=$D16,I$4<=$E16),1,"") | J16: =IF(AND(J$4>=$D16,J$4<=$E16),1,"") | K16: =IF(AND(K$4>=$D16,K$4<=$E16),1,"") | L16: =IF(AND(L$4>=$D16,L$4<=$E16),1,"") -> 1 | M16: =IF(AND(M$4>=$D16,M$4<=$E16),1,"") -> 1 | ... AE16: =IF(AND(AE$4>=$D16,AE$4<=$E16),1,"")
A17: =Features!A11 -> A10 | B17: =Features!C11 -> Private networking | C17: =Features!E11 -> R3 | D17: =Features!I11 -> 16 | E17: =Features!J11 -> 20 | F17: =IF(AND(F$4>=$D17,F$4<=$E17),1,"") | G17: =IF(AND(G$4>=$D17,G$4<=$E17),1,"") | H17: =IF(AND(H$4>=$D17,H$4<=$E17),1,"") | I17: =IF(AND(I$4>=$D17,I$4<=$E17),1,"") | J17: =IF(AND(J$4>=$D17,J$4<=$E17),1,"") | K17: =IF(AND(K$4>=$D17,K$4<=$E17),1,"") | L17: =IF(AND(L$4>=$D17,L$4<=$E17),1,"") | M17: =IF(AND(M$4>=$D17,M$4<=$E17),1,"") | ... AE17: =IF(AND(AE$4>=$D17,AE$4<=$E17),1,"")
A18: =Features!A12 -> A11 | B18: =Features!C12 -> Per-client deployment template | C18: =Features!E12 -> GA | D18: =Features!I12 -> 20 | E18: =Features!J12 -> 23 | F18: =IF(AND(F$4>=$D18,F$4<=$E18),1,"") | G18: =IF(AND(G$4>=$D18,G$4<=$E18),1,"") | H18: =IF(AND(H$4>=$D18,H$4<=$E18),1,"") | I18: =IF(AND(I$4>=$D18,I$4<=$E18),1,"") | J18: =IF(AND(J$4>=$D18,J$4<=$E18),1,"") | K18: =IF(AND(K$4>=$D18,K$4<=$E18),1,"") | L18: =IF(AND(L$4>=$D18,L$4<=$E18),1,"") | M18: =IF(AND(M$4>=$D18,M$4<=$E18),1,"") | ... AE18: =IF(AND(AE$4>=$D18,AE$4<=$E18),1,"")
A19: =Features!A13 -> A12 | B19: =Features!C13 -> DR, backup, load and pen-test remediation | C19: =Features!E13 -> GA | D19: =Features!I13 -> 21 | E19: =Features!J13 -> 24 | F19: =IF(AND(F$4>=$D19,F$4<=$E19),1,"") | G19: =IF(AND(G$4>=$D19,G$4<=$E19),1,"") | H19: =IF(AND(H$4>=$D19,H$4<=$E19),1,"") | I19: =IF(AND(I$4>=$D19,I$4<=$E19),1,"") | J19: =IF(AND(J$4>=$D19,J$4<=$E19),1,"") | K19: =IF(AND(K$4>=$D19,K$4<=$E19),1,"") | L19: =IF(AND(L$4>=$D19,L$4<=$E19),1,"") | M19: =IF(AND(M$4>=$D19,M$4<=$E19),1,"") | ... AE19: =IF(AND(AE$4>=$D19,AE$4<=$E19),1,"")
A20: RAG & Knowledge
A21: =Features!A15 -> B1 | B21: =Features!C15 -> Scheduled ingest job on Azure | C21: =Features!E15 -> MVP | D21: =Features!I15 -> 5 | E21: =Features!J15 -> 7 | F21: =IF(AND(F$4>=$D21,F$4<=$E21),1,"") | G21: =IF(AND(G$4>=$D21,G$4<=$E21),1,"") | H21: =IF(AND(H$4>=$D21,H$4<=$E21),1,"") | I21: =IF(AND(I$4>=$D21,I$4<=$E21),1,"") | J21: =IF(AND(J$4>=$D21,J$4<=$E21),1,"") -> 1 | K21: =IF(AND(K$4>=$D21,K$4<=$E21),1,"") -> 1 | L21: =IF(AND(L$4>=$D21,L$4<=$E21),1,"") -> 1 | M21: =IF(AND(M$4>=$D21,M$4<=$E21),1,"") | ... AE21: =IF(AND(AE$4>=$D21,AE$4<=$E21),1,"")
A22: =Features!A16 -> B2 | B22: =Features!C16 -> Re-ingest KB with hybrid + metadata filters | C22: =Features!E16 -> MVP | D22: =Features!I16 -> 5 | E22: =Features!J16 -> 8 | F22: =IF(AND(F$4>=$D22,F$4<=$E22),1,"") | G22: =IF(AND(G$4>=$D22,G$4<=$E22),1,"") | H22: =IF(AND(H$4>=$D22,H$4<=$E22),1,"") | I22: =IF(AND(I$4>=$D22,I$4<=$E22),1,"") | J22: =IF(AND(J$4>=$D22,J$4<=$E22),1,"") -> 1 | K22: =IF(AND(K$4>=$D22,K$4<=$E22),1,"") -> 1 | L22: =IF(AND(L$4>=$D22,L$4<=$E22),1,"") -> 1 | M22: =IF(AND(M$4>=$D22,M$4<=$E22),1,"") -> 1 | ... AE22: =IF(AND(AE$4>=$D22,AE$4<=$E22),1,"")
A23: =Features!A17 -> B3 | B23: =Features!C17 -> EDMX live run (XSUAA auth) | C23: =Features!E17 -> R2 | D23: =Features!I17 -> 9 | E23: =Features!J17 -> 12 | F23: =IF(AND(F$4>=$D23,F$4<=$E23),1,"") | G23: =IF(AND(G$4>=$D23,G$4<=$E23),1,"") | H23: =IF(AND(H$4>=$D23,H$4<=$E23),1,"") | I23: =IF(AND(I$4>=$D23,I$4<=$E23),1,"") | J23: =IF(AND(J$4>=$D23,J$4<=$E23),1,"") | K23: =IF(AND(K$4>=$D23,K$4<=$E23),1,"") | L23: =IF(AND(L$4>=$D23,L$4<=$E23),1,"") | M23: =IF(AND(M$4>=$D23,M$4<=$E23),1,"") | ... AE23: =IF(AND(AE$4>=$D23,AE$4<=$E23),1,"")
A24: =Features!A18 -> B4 | B24: =Features!C18 -> help-portal-cds re-crawl | C24: =Features!E18 -> R2 | D24: =Features!I18 -> 10 | E24: =Features!J18 -> 13 | F24: =IF(AND(F$4>=$D24,F$4<=$E24),1,"") | G24: =IF(AND(G$4>=$D24,G$4<=$E24),1,"") | H24: =IF(AND(H$4>=$D24,H$4<=$E24),1,"") | I24: =IF(AND(I$4>=$D24,I$4<=$E24),1,"") | J24: =IF(AND(J$4>=$D24,J$4<=$E24),1,"") | K24: =IF(AND(K$4>=$D24,K$4<=$E24),1,"") | L24: =IF(AND(L$4>=$D24,L$4<=$E24),1,"") | M24: =IF(AND(M$4>=$D24,M$4<=$E24),1,"") | ... AE24: =IF(AND(AE$4>=$D24,AE$4<=$E24),1,"")
A25: =Features!A19 -> B5 | B25: =Features!C19 -> KB coverage gap closure | C25: =Features!E19 -> R2 | D25: =Features!I19 -> 11 | E25: =Features!J19 -> 14 | F25: =IF(AND(F$4>=$D25,F$4<=$E25),1,"") | G25: =IF(AND(G$4>=$D25,G$4<=$E25),1,"") | H25: =IF(AND(H$4>=$D25,H$4<=$E25),1,"") | I25: =IF(AND(I$4>=$D25,I$4<=$E25),1,"") | J25: =IF(AND(J$4>=$D25,J$4<=$E25),1,"") | K25: =IF(AND(K$4>=$D25,K$4<=$E25),1,"") | L25: =IF(AND(L$4>=$D25,L$4<=$E25),1,"") | M25: =IF(AND(M$4>=$D25,M$4<=$E25),1,"") | ... AE25: =IF(AND(AE$4>=$D25,AE$4<=$E25),1,"")
A26: =Features!A20 -> B6 | B26: =Features!C20 -> LearningPortalFetcher | C26: =Features!E20 -> R3 | D26: =Features!I20 -> 17 | E26: =Features!J20 -> 19 | F26: =IF(AND(F$4>=$D26,F$4<=$E26),1,"") | G26: =IF(AND(G$4>=$D26,G$4<=$E26),1,"") | H26: =IF(AND(H$4>=$D26,H$4<=$E26),1,"") | I26: =IF(AND(I$4>=$D26,I$4<=$E26),1,"") | J26: =IF(AND(J$4>=$D26,J$4<=$E26),1,"") | K26: =IF(AND(K$4>=$D26,K$4<=$E26),1,"") | L26: =IF(AND(L$4>=$D26,L$4<=$E26),1,"") | M26: =IF(AND(M$4>=$D26,M$4<=$E26),1,"") | ... AE26: =IF(AND(AE$4>=$D26,AE$4<=$E26),1,"")
A27: =Features!A21 -> B7 | B27: =Features!C21 -> Blob raw cache + ingest versioning | C27: =Features!E21 -> R2 | D27: =Features!I21 -> 9 | E27: =Features!J21 -> 11 | F27: =IF(AND(F$4>=$D27,F$4<=$E27),1,"") | G27: =IF(AND(G$4>=$D27,G$4<=$E27),1,"") | H27: =IF(AND(H$4>=$D27,H$4<=$E27),1,"") | I27: =IF(AND(I$4>=$D27,I$4<=$E27),1,"") | J27: =IF(AND(J$4>=$D27,J$4<=$E27),1,"") | K27: =IF(AND(K$4>=$D27,K$4<=$E27),1,"") | L27: =IF(AND(L$4>=$D27,L$4<=$E27),1,"") | M27: =IF(AND(M$4>=$D27,M$4<=$E27),1,"") | ... AE27: =IF(AND(AE$4>=$D27,AE$4<=$E27),1,"")
A28: =Features!A22 -> B8 | B28: =Features!C22 -> Retrieval quality eval harness | C28: =Features!E22 -> MVP | D28: =Features!I22 -> 6 | E28: =Features!J22 -> 8 | F28: =IF(AND(F$4>=$D28,F$4<=$E28),1,"") | G28: =IF(AND(G$4>=$D28,G$4<=$E28),1,"") | H28: =IF(AND(H$4>=$D28,H$4<=$E28),1,"") | I28: =IF(AND(I$4>=$D28,I$4<=$E28),1,"") | J28: =IF(AND(J$4>=$D28,J$4<=$E28),1,"") | K28: =IF(AND(K$4>=$D28,K$4<=$E28),1,"") -> 1 | L28: =IF(AND(L$4>=$D28,L$4<=$E28),1,"") -> 1 | M28: =IF(AND(M$4>=$D28,M$4<=$E28),1,"") -> 1 | ... AE28: =IF(AND(AE$4>=$D28,AE$4<=$E28),1,"")
A29: MCP Server
A30: =Features!A24 -> C2 | B30: =Features!C24 -> MCP HTTP/SSE transport + auth middleware | C30: =Features!E24 -> MVP | D30: =Features!I24 -> 3 | E30: =Features!J24 -> 5 | F30: =IF(AND(F$4>=$D30,F$4<=$E30),1,"") | G30: =IF(AND(G$4>=$D30,G$4<=$E30),1,"") | H30: =IF(AND(H$4>=$D30,H$4<=$E30),1,"") -> 1 | I30: =IF(AND(I$4>=$D30,I$4<=$E30),1,"") -> 1 | J30: =IF(AND(J$4>=$D30,J$4<=$E30),1,"") -> 1 | K30: =IF(AND(K$4>=$D30,K$4<=$E30),1,"") | L30: =IF(AND(L$4>=$D30,L$4<=$E30),1,"") | M30: =IF(AND(M$4>=$D30,M$4<=$E30),1,"") | ... AE30: =IF(AND(AE$4>=$D30,AE$4<=$E30),1,"")
A31: =Features!A25 -> C3 | B31: =Features!C25 -> MCP uses managed identity for Search | C31: =Features!E25 -> MVP | D31: =Features!I25 -> 5 | E31: =Features!J25 -> 6 | F31: =IF(AND(F$4>=$D31,F$4<=$E31),1,"") | G31: =IF(AND(G$4>=$D31,G$4<=$E31),1,"") | H31: =IF(AND(H$4>=$D31,H$4<=$E31),1,"") | I31: =IF(AND(I$4>=$D31,I$4<=$E31),1,"") | J31: =IF(AND(J$4>=$D31,J$4<=$E31),1,"") -> 1 | K31: =IF(AND(K$4>=$D31,K$4<=$E31),1,"") -> 1 | L31: =IF(AND(L$4>=$D31,L$4<=$E31),1,"") | M31: =IF(AND(M$4>=$D31,M$4<=$E31),1,"") | ... AE31: =IF(AND(AE$4>=$D31,AE$4<=$E31),1,"")
A32: =Features!A26 -> C4 | B32: =Features!C26 -> New MCP tools | C32: =Features!E26 -> R2 | D32: =Features!I26 -> 12 | E32: =Features!J26 -> 14 | F32: =IF(AND(F$4>=$D32,F$4<=$E32),1,"") | G32: =IF(AND(G$4>=$D32,G$4<=$E32),1,"") | H32: =IF(AND(H$4>=$D32,H$4<=$E32),1,"") | I32: =IF(AND(I$4>=$D32,I$4<=$E32),1,"") | J32: =IF(AND(J$4>=$D32,J$4<=$E32),1,"") | K32: =IF(AND(K$4>=$D32,K$4<=$E32),1,"") | L32: =IF(AND(L$4>=$D32,L$4<=$E32),1,"") | M32: =IF(AND(M$4>=$D32,M$4<=$E32),1,"") | ... AE32: =IF(AND(AE$4>=$D32,AE$4<=$E32),1,"")
A33: =Features!A27 -> C5 | B33: =Features!C27 -> MCP rate limits, audit logs, tenant filters | C33: =Features!E27 -> R2 | D33: =Features!I27 -> 13 | E33: =Features!J27 -> 14 | F33: =IF(AND(F$4>=$D33,F$4<=$E33),1,"") | G33: =IF(AND(G$4>=$D33,G$4<=$E33),1,"") | H33: =IF(AND(H$4>=$D33,H$4<=$E33),1,"") | I33: =IF(AND(I$4>=$D33,I$4<=$E33),1,"") | J33: =IF(AND(J$4>=$D33,J$4<=$E33),1,"") | K33: =IF(AND(K$4>=$D33,K$4<=$E33),1,"") | L33: =IF(AND(L$4>=$D33,L$4<=$E33),1,"") | M33: =IF(AND(M$4>=$D33,M$4<=$E33),1,"") | ... AE33: =IF(AND(AE$4>=$D33,AE$4<=$E33),1,"")
A34: Agents & Pipeline
A35: =Features!A32 -> D5 | B35: =Features!C32 -> Headless agent service on Azure | C35: =Features!E32 -> R2 | D35: =Features!I32 -> 9 | E35: =Features!J32 -> 14 | F35: =IF(AND(F$4>=$D35,F$4<=$E35),1,"") | G35: =IF(AND(G$4>=$D35,G$4<=$E35),1,"") | H35: =IF(AND(H$4>=$D35,H$4<=$E35),1,"") | I35: =IF(AND(I$4>=$D35,I$4<=$E35),1,"") | J35: =IF(AND(J$4>=$D35,J$4<=$E35),1,"") | K35: =IF(AND(K$4>=$D35,K$4<=$E35),1,"") | L35: =IF(AND(L$4>=$D35,L$4<=$E35),1,"") | M35: =IF(AND(M$4>=$D35,M$4<=$E35),1,"") | ... AE35: =IF(AND(AE$4>=$D35,AE$4<=$E35),1,"")
A36: =Features!A33 -> D6 | B36: =Features!C33 -> LLM proxy on Azure | C36: =Features!E33 -> MVP | D36: =Features!I33 -> 4 | E36: =Features!J33 -> 7 | F36: =IF(AND(F$4>=$D36,F$4<=$E36),1,"") | G36: =IF(AND(G$4>=$D36,G$4<=$E36),1,"") | H36: =IF(AND(H$4>=$D36,H$4<=$E36),1,"") | I36: =IF(AND(I$4>=$D36,I$4<=$E36),1,"") -> 1 | J36: =IF(AND(J$4>=$D36,J$4<=$E36),1,"") -> 1 | K36: =IF(AND(K$4>=$D36,K$4<=$E36),1,"") -> 1 | L36: =IF(AND(L$4>=$D36,L$4<=$E36),1,"") -> 1 | M36: =IF(AND(M$4>=$D36,M$4<=$E36),1,"") | ... AE36: =IF(AND(AE$4>=$D36,AE$4<=$E36),1,"")
A37: =Features!A34 -> D7 | B37: =Features!C34 -> Clean Core validation loop | C37: =Features!E34 -> R2 | D37: =Features!I34 -> 9 | E37: =Features!J34 -> 13 | F37: =IF(AND(F$4>=$D37,F$4<=$E37),1,"") | G37: =IF(AND(G$4>=$D37,G$4<=$E37),1,"") | H37: =IF(AND(H$4>=$D37,H$4<=$E37),1,"") | I37: =IF(AND(I$4>=$D37,I$4<=$E37),1,"") | J37: =IF(AND(J$4>=$D37,J$4<=$E37),1,"") | K37: =IF(AND(K$4>=$D37,K$4<=$E37),1,"") | L37: =IF(AND(L$4>=$D37,L$4<=$E37),1,"") | M37: =IF(AND(M$4>=$D37,M$4<=$E37),1,"") | ... AE37: =IF(AND(AE$4>=$D37,AE$4<=$E37),1,"")
A38: =Features!A35 -> D8 | B38: =Features!C35 -> Source citations in generated output | C38: =Features!E35 -> R2 | D38: =Features!I35 -> 12 | E38: =Features!J35 -> 14 | F38: =IF(AND(F$4>=$D38,F$4<=$E38),1,"") | G38: =IF(AND(G$4>=$D38,G$4<=$E38),1,"") | H38: =IF(AND(H$4>=$D38,H$4<=$E38),1,"") | I38: =IF(AND(I$4>=$D38,I$4<=$E38),1,"") | J38: =IF(AND(J$4>=$D38,J$4<=$E38),1,"") | K38: =IF(AND(K$4>=$D38,K$4<=$E38),1,"") | L38: =IF(AND(L$4>=$D38,L$4<=$E38),1,"") | M38: =IF(AND(M$4>=$D38,M$4<=$E38),1,"") | ... AE38: =IF(AND(AE$4>=$D38,AE$4<=$E38),1,"")
A39: =Features!A36 -> D9 | B39: =Features!C36 -> Agent marketplace (Sprint 7) | C39: =Features!E36 -> R3 | D39: =Features!I36 -> 15 | E39: =Features!J36 -> 20 | F39: =IF(AND(F$4>=$D39,F$4<=$E39),1,"") | G39: =IF(AND(G$4>=$D39,G$4<=$E39),1,"") | H39: =IF(AND(H$4>=$D39,H$4<=$E39),1,"") | I39: =IF(AND(I$4>=$D39,I$4<=$E39),1,"") | J39: =IF(AND(J$4>=$D39,J$4<=$E39),1,"") | K39: =IF(AND(K$4>=$D39,K$4<=$E39),1,"") | L39: =IF(AND(L$4>=$D39,L$4<=$E39),1,"") | M39: =IF(AND(M$4>=$D39,M$4<=$E39),1,"") | ... AE39: =IF(AND(AE$4>=$D39,AE$4<=$E39),1,"")
A40: =Features!A37 -> D10 | B40: =Features!C37 -> Multi-model routing | C40: =Features!E37 -> R3 | D40: =Features!I37 -> 14 | E40: =Features!J37 -> 17 | F40: =IF(AND(F$4>=$D40,F$4<=$E40),1,"") | G40: =IF(AND(G$4>=$D40,G$4<=$E40),1,"") | H40: =IF(AND(H$4>=$D40,H$4<=$E40),1,"") | I40: =IF(AND(I$4>=$D40,I$4<=$E40),1,"") | J40: =IF(AND(J$4>=$D40,J$4<=$E40),1,"") | K40: =IF(AND(K$4>=$D40,K$4<=$E40),1,"") | L40: =IF(AND(L$4>=$D40,L$4<=$E40),1,"") | M40: =IF(AND(M$4>=$D40,M$4<=$E40),1,"") | ... AE40: =IF(AND(AE$4>=$D40,AE$4<=$E40),1,"")
A41: =Features!A38 -> D11 | B41: =Features!C38 -> Prompt registry + eval regression suite | C41: =Features!E38 -> R3 | D41: =Features!I38 -> 16 | E41: =Features!J38 -> 19 | F41: =IF(AND(F$4>=$D41,F$4<=$E41),1,"") | G41: =IF(AND(G$4>=$D41,G$4<=$E41),1,"") | H41: =IF(AND(H$4>=$D41,H$4<=$E41),1,"") | I41: =IF(AND(I$4>=$D41,I$4<=$E41),1,"") | J41: =IF(AND(J$4>=$D41,J$4<=$E41),1,"") | K41: =IF(AND(K$4>=$D41,K$4<=$E41),1,"") | L41: =IF(AND(L$4>=$D41,L$4<=$E41),1,"") | M41: =IF(AND(M$4>=$D41,M$4<=$E41),1,"") | ... AE41: =IF(AND(AE$4>=$D41,AE$4<=$E41),1,"")
A42: Memory
A43: =Features!A39 -> E1 | B43: =Features!C39 -> Cosmos DB + memory schema | C43: =Features!E39 -> R2 | D43: =Features!I39 -> 8 | E43: =Features!J39 -> 10 | F43: =IF(AND(F$4>=$D43,F$4<=$E43),1,"") | G43: =IF(AND(G$4>=$D43,G$4<=$E43),1,"") | H43: =IF(AND(H$4>=$D43,H$4<=$E43),1,"") | I43: =IF(AND(I$4>=$D43,I$4<=$E43),1,"") | J43: =IF(AND(J$4>=$D43,J$4<=$E43),1,"") | K43: =IF(AND(K$4>=$D43,K$4<=$E43),1,"") | L43: =IF(AND(L$4>=$D43,L$4<=$E43),1,"") | M43: =IF(AND(M$4>=$D43,M$4<=$E43),1,"") -> 1 | ... AE43: =IF(AND(AE$4>=$D43,AE$4<=$E43),1,"")
A44: =Features!A40 -> E2 | B44: =Features!C40 -> Session & project memory API | C44: =Features!E40 -> R2 | D44: =Features!I40 -> 10 | E44: =Features!J40 -> 13 | F44: =IF(AND(F$4>=$D44,F$4<=$E44),1,"") | G44: =IF(AND(G$4>=$D44,G$4<=$E44),1,"") | H44: =IF(AND(H$4>=$D44,H$4<=$E44),1,"") | I44: =IF(AND(I$4>=$D44,I$4<=$E44),1,"") | J44: =IF(AND(J$4>=$D44,J$4<=$E44),1,"") | K44: =IF(AND(K$4>=$D44,K$4<=$E44),1,"") | L44: =IF(AND(L$4>=$D44,L$4<=$E44),1,"") | M44: =IF(AND(M$4>=$D44,M$4<=$E44),1,"") | ... AE44: =IF(AND(AE$4>=$D44,AE$4<=$E44),1,"")
A45: =Features!A41 -> E3 | B45: =Features!C41 -> Correction Store indexed to AI Search | C45: =Features!E41 -> R2 | D45: =Features!I41 -> 11 | E45: =Features!J41 -> 14 | F45: =IF(AND(F$4>=$D45,F$4<=$E45),1,"") | G45: =IF(AND(G$4>=$D45,G$4<=$E45),1,"") | H45: =IF(AND(H$4>=$D45,H$4<=$E45),1,"") | I45: =IF(AND(I$4>=$D45,I$4<=$E45),1,"") | J45: =IF(AND(J$4>=$D45,J$4<=$E45),1,"") | K45: =IF(AND(K$4>=$D45,K$4<=$E45),1,"") | L45: =IF(AND(L$4>=$D45,L$4<=$E45),1,"") | M45: =IF(AND(M$4>=$D45,M$4<=$E45),1,"") | ... AE45: =IF(AND(AE$4>=$D45,AE$4<=$E45),1,"")
A46: =Features!A42 -> E4 | B46: =Features!C42 -> Approved-pattern library | C46: =Features!E42 -> R3 | D46: =Features!I42 -> 15 | E46: =Features!J42 -> 18 | F46: =IF(AND(F$4>=$D46,F$4<=$E46),1,"") | G46: =IF(AND(G$4>=$D46,G$4<=$E46),1,"") | H46: =IF(AND(H$4>=$D46,H$4<=$E46),1,"") | I46: =IF(AND(I$4>=$D46,I$4<=$E46),1,"") | J46: =IF(AND(J$4>=$D46,J$4<=$E46),1,"") | K46: =IF(AND(K$4>=$D46,K$4<=$E46),1,"") | L46: =IF(AND(L$4>=$D46,L$4<=$E46),1,"") | M46: =IF(AND(M$4>=$D46,M$4<=$E46),1,"") | ... AE46: =IF(AND(AE$4>=$D46,AE$4<=$E46),1,"")
A47: =Features!A43 -> E5 | B47: =Features!C43 -> Memory governance | C47: =Features!E43 -> R3 | D47: =Features!I43 -> 17 | E47: =Features!J43 -> 19 | F47: =IF(AND(F$4>=$D47,F$4<=$E47),1,"") | G47: =IF(AND(G$4>=$D47,G$4<=$E47),1,"") | H47: =IF(AND(H$4>=$D47,H$4<=$E47),1,"") | I47: =IF(AND(I$4>=$D47,I$4<=$E47),1,"") | J47: =IF(AND(J$4>=$D47,J$4<=$E47),1,"") | K47: =IF(AND(K$4>=$D47,K$4<=$E47),1,"") | L47: =IF(AND(L$4>=$D47,L$4<=$E47),1,"") | M47: =IF(AND(M$4>=$D47,M$4<=$E47),1,"") | ... AE47: =IF(AND(AE$4>=$D47,AE$4<=$E47),1,"")
A48: Editor
A49: =Features!A44 -> F1 | B49: =Features!C44 -> Editor endpoint config + Entra sign-in | C49: =Features!E44 -> MVP | D49: =Features!I44 -> 5 | E49: =Features!J44 -> 8 | F49: =IF(AND(F$4>=$D49,F$4<=$E49),1,"") | G49: =IF(AND(G$4>=$D49,G$4<=$E49),1,"") | H49: =IF(AND(H$4>=$D49,H$4<=$E49),1,"") | I49: =IF(AND(I$4>=$D49,I$4<=$E49),1,"") | J49: =IF(AND(J$4>=$D49,J$4<=$E49),1,"") -> 1 | K49: =IF(AND(K$4>=$D49,K$4<=$E49),1,"") -> 1 | L49: =IF(AND(L$4>=$D49,L$4<=$E49),1,"") -> 1 | M49: =IF(AND(M$4>=$D49,M$4<=$E49),1,"") -> 1 | ... AE49: =IF(AND(AE$4>=$D49,AE$4<=$E49),1,"")
A50: =Features!A46 -> F3 | B50: =Features!C46 -> Pipeline UX for Azure status/errors | C50: =Features!E46 -> MVP | D50: =Features!I46 -> 7 | E50: =Features!J46 -> 8 | F50: =IF(AND(F$4>=$D50,F$4<=$E50),1,"") | G50: =IF(AND(G$4>=$D50,G$4<=$E50),1,"") | H50: =IF(AND(H$4>=$D50,H$4<=$E50),1,"") | I50: =IF(AND(I$4>=$D50,I$4<=$E50),1,"") | J50: =IF(AND(J$4>=$D50,J$4<=$E50),1,"") | K50: =IF(AND(K$4>=$D50,K$4<=$E50),1,"") | L50: =IF(AND(L$4>=$D50,L$4<=$E50),1,"") -> 1 | M50: =IF(AND(M$4>=$D50,M$4<=$E50),1,"") -> 1 | ... AE50: =IF(AND(AE$4>=$D50,AE$4<=$E50),1,"")
A51: =Features!A47 -> F4 | B51: =Features!C47 -> Installer + update channel | C51: =Features!E47 -> R2 | D51: =Features!I47 -> 11 | E51: =Features!J47 -> 14 | F51: =IF(AND(F$4>=$D51,F$4<=$E51),1,"") | G51: =IF(AND(G$4>=$D51,G$4<=$E51),1,"") | H51: =IF(AND(H$4>=$D51,H$4<=$E51),1,"") | I51: =IF(AND(I$4>=$D51,I$4<=$E51),1,"") | J51: =IF(AND(J$4>=$D51,J$4<=$E51),1,"") | K51: =IF(AND(K$4>=$D51,K$4<=$E51),1,"") | L51: =IF(AND(L$4>=$D51,L$4<=$E51),1,"") | M51: =IF(AND(M$4>=$D51,M$4<=$E51),1,"") | ... AE51: =IF(AND(AE$4>=$D51,AE$4<=$E51),1,"")
A52: =Features!A48 -> F5 | B52: =Features!C48 -> Telemetry (opt-in) + usage dashboard | C52: =Features!E48 -> R3 | D52: =Features!I48 -> 16 | E52: =Features!J48 -> 18 | F52: =IF(AND(F$4>=$D52,F$4<=$E52),1,"") | G52: =IF(AND(G$4>=$D52,G$4<=$E52),1,"") | H52: =IF(AND(H$4>=$D52,H$4<=$E52),1,"") | I52: =IF(AND(I$4>=$D52,I$4<=$E52),1,"") | J52: =IF(AND(J$4>=$D52,J$4<=$E52),1,"") | K52: =IF(AND(K$4>=$D52,K$4<=$E52),1,"") | L52: =IF(AND(L$4>=$D52,L$4<=$E52),1,"") | M52: =IF(AND(M$4>=$D52,M$4<=$E52),1,"") | ... AE52: =IF(AND(AE$4>=$D52,AE$4<=$E52),1,"")
A53: Continuum Integration
A54: =Features!A49 -> G1 | B54: =Features!C49 -> Continuum service-token API + OpenAPI spec | C54: =Features!E49 -> MVP | D54: =Features!I49 -> 3 | E54: =Features!J49 -> 6 | F54: =IF(AND(F$4>=$D54,F$4<=$E54),1,"") | G54: =IF(AND(G$4>=$D54,G$4<=$E54),1,"") | H54: =IF(AND(H$4>=$D54,H$4<=$E54),1,"") -> 1 | I54: =IF(AND(I$4>=$D54,I$4<=$E54),1,"") -> 1 | J54: =IF(AND(J$4>=$D54,J$4<=$E54),1,"") -> 1 | K54: =IF(AND(K$4>=$D54,K$4<=$E54),1,"") -> 1 | L54: =IF(AND(L$4>=$D54,L$4<=$E54),1,"") | M54: =IF(AND(M$4>=$D54,M$4<=$E54),1,"") | ... AE54: =IF(AND(AE$4>=$D54,AE$4<=$E54),1,"")
A55: =Features!A50 -> G2 | B55: =Features!C50 -> DarkHorse ContinuumClient (pull specs) | C55: =Features!E50 -> MVP | D55: =Features!I50 -> 5 | E55: =Features!J50 -> 8 | F55: =IF(AND(F$4>=$D55,F$4<=$E55),1,"") | G55: =IF(AND(G$4>=$D55,G$4<=$E55),1,"") | H55: =IF(AND(H$4>=$D55,H$4<=$E55),1,"") | I55: =IF(AND(I$4>=$D55,I$4<=$E55),1,"") | J55: =IF(AND(J$4>=$D55,J$4<=$E55),1,"") -> 1 | K55: =IF(AND(K$4>=$D55,K$4<=$E55),1,"") -> 1 | L55: =IF(AND(L$4>=$D55,L$4<=$E55),1,"") -> 1 | M55: =IF(AND(M$4>=$D55,M$4<=$E55),1,"") -> 1 | ... AE55: =IF(AND(AE$4>=$D55,AE$4<=$E55),1,"")
A56: =Features!A51 -> G3 | B56: =Features!C51 -> Push-back from DarkHorse | C56: =Features!E51 -> R2 | D56: =Features!I51 -> 9 | E56: =Features!J51 -> 12 | F56: =IF(AND(F$4>=$D56,F$4<=$E56),1,"") | G56: =IF(AND(G$4>=$D56,G$4<=$E56),1,"") | H56: =IF(AND(H$4>=$D56,H$4<=$E56),1,"") | I56: =IF(AND(I$4>=$D56,I$4<=$E56),1,"") | J56: =IF(AND(J$4>=$D56,J$4<=$E56),1,"") | K56: =IF(AND(K$4>=$D56,K$4<=$E56),1,"") | L56: =IF(AND(L$4>=$D56,L$4<=$E56),1,"") | M56: =IF(AND(M$4>=$D56,M$4<=$E56),1,"") | ... AE56: =IF(AND(AE$4>=$D56,AE$4<=$E56),1,"")
A57: =Features!A52 -> G4 | B57: =Features!C52 -> Approval webhook -> DarkHorse run | C57: =Features!E52 -> R2 | D57: =Features!I52 -> 11 | E57: =Features!J52 -> 14 | F57: =IF(AND(F$4>=$D57,F$4<=$E57),1,"") | G57: =IF(AND(G$4>=$D57,G$4<=$E57),1,"") | H57: =IF(AND(H$4>=$D57,H$4<=$E57),1,"") | I57: =IF(AND(I$4>=$D57,I$4<=$E57),1,"") | J57: =IF(AND(J$4>=$D57,J$4<=$E57),1,"") | K57: =IF(AND(K$4>=$D57,K$4<=$E57),1,"") | L57: =IF(AND(L$4>=$D57,L$4<=$E57),1,"") | M57: =IF(AND(M$4>=$D57,M$4<=$E57),1,"") | ... AE57: =IF(AND(AE$4>=$D57,AE$4<=$E57),1,"")
A58: =Features!A53 -> G5 | B58: =Features!C53 -> Continuum schema additions | C58: =Features!E53 -> R2 | D58: =Features!I53 -> 9 | E58: =Features!J53 -> 11 | F58: =IF(AND(F$4>=$D58,F$4<=$E58),1,"") | G58: =IF(AND(G$4>=$D58,G$4<=$E58),1,"") | H58: =IF(AND(H$4>=$D58,H$4<=$E58),1,"") | I58: =IF(AND(I$4>=$D58,I$4<=$E58),1,"") | J58: =IF(AND(J$4>=$D58,J$4<=$E58),1,"") | K58: =IF(AND(K$4>=$D58,K$4<=$E58),1,"") | L58: =IF(AND(L$4>=$D58,L$4<=$E58),1,"") | M58: =IF(AND(M$4>=$D58,M$4<=$E58),1,"") | ... AE58: =IF(AND(AE$4>=$D58,AE$4<=$E58),1,"")
A59: =Features!A54 -> G6 | B59: =Features!C54 -> Continuum on Azure + Entra SSO | C59: =Features!E54 -> R2 | D59: =Features!I54 -> 7 | E59: =Features!J54 -> 11 | F59: =IF(AND(F$4>=$D59,F$4<=$E59),1,"") | G59: =IF(AND(G$4>=$D59,G$4<=$E59),1,"") | H59: =IF(AND(H$4>=$D59,H$4<=$E59),1,"") | I59: =IF(AND(I$4>=$D59,I$4<=$E59),1,"") | J59: =IF(AND(J$4>=$D59,J$4<=$E59),1,"") | K59: =IF(AND(K$4>=$D59,K$4<=$E59),1,"") | L59: =IF(AND(L$4>=$D59,L$4<=$E59),1,"") -> 1 | M59: =IF(AND(M$4>=$D59,M$4<=$E59),1,"") -> 1 | ... AE59: =IF(AND(AE$4>=$D59,AE$4<=$E59),1,"")
A60: =Features!A55 -> G7 | B60: =Features!C55 -> Continuum AI via LLM proxy | C60: =Features!E55 -> R2 | D60: =Features!I55 -> 10 | E60: =Features!J55 -> 12 | F60: =IF(AND(F$4>=$D60,F$4<=$E60),1,"") | G60: =IF(AND(G$4>=$D60,G$4<=$E60),1,"") | H60: =IF(AND(H$4>=$D60,H$4<=$E60),1,"") | I60: =IF(AND(I$4>=$D60,I$4<=$E60),1,"") | J60: =IF(AND(J$4>=$D60,J$4<=$E60),1,"") | K60: =IF(AND(K$4>=$D60,K$4<=$E60),1,"") | L60: =IF(AND(L$4>=$D60,L$4<=$E60),1,"") | M60: =IF(AND(M$4>=$D60,M$4<=$E60),1,"") | ... AE60: =IF(AND(AE$4>=$D60,AE$4<=$E60),1,"")
A61: =Features!A56 -> G8 | B61: =Features!C56 -> Continuum UI: Generate with DarkHorse | C61: =Features!E56 -> R3 | D61: =Features!I56 -> 14 | E61: =Features!J56 -> 18 | F61: =IF(AND(F$4>=$D61,F$4<=$E61),1,"") | G61: =IF(AND(G$4>=$D61,G$4<=$E61),1,"") | H61: =IF(AND(H$4>=$D61,H$4<=$E61),1,"") | I61: =IF(AND(I$4>=$D61,I$4<=$E61),1,"") | J61: =IF(AND(J$4>=$D61,J$4<=$E61),1,"") | K61: =IF(AND(K$4>=$D61,K$4<=$E61),1,"") | L61: =IF(AND(L$4>=$D61,L$4<=$E61),1,"") | M61: =IF(AND(M$4>=$D61,M$4<=$E61),1,"") | ... AE61: =IF(AND(AE$4>=$D61,AE$4<=$E61),1,"")
A62: ChickletFlow Integration
A63: =Features!A57 -> H1 | B63: =Features!C57 -> ChickletFlow auth (Entra + service tokens) | C63: =Features!E57 -> R2 | D63: =Features!I57 -> 6 | E63: =Features!J57 -> 9 | F63: =IF(AND(F$4>=$D63,F$4<=$E63),1,"") | G63: =IF(AND(G$4>=$D63,G$4<=$E63),1,"") | H63: =IF(AND(H$4>=$D63,H$4<=$E63),1,"") | I63: =IF(AND(I$4>=$D63,I$4<=$E63),1,"") | J63: =IF(AND(J$4>=$D63,J$4<=$E63),1,"") | K63: =IF(AND(K$4>=$D63,K$4<=$E63),1,"") -> 1 | L63: =IF(AND(L$4>=$D63,L$4<=$E63),1,"") -> 1 | M63: =IF(AND(M$4>=$D63,M$4<=$E63),1,"") -> 1 | ... AE63: =IF(AND(AE$4>=$D63,AE$4<=$E63),1,"")
A64: =Features!A58 -> H2 | B64: =Features!C58 -> Work item link fields | C64: =Features!E58 -> R2 | D64: =Features!I58 -> 8 | E64: =Features!J58 -> 10 | F64: =IF(AND(F$4>=$D64,F$4<=$E64),1,"") | G64: =IF(AND(G$4>=$D64,G$4<=$E64),1,"") | H64: =IF(AND(H$4>=$D64,H$4<=$E64),1,"") | I64: =IF(AND(I$4>=$D64,I$4<=$E64),1,"") | J64: =IF(AND(J$4>=$D64,J$4<=$E64),1,"") | K64: =IF(AND(K$4>=$D64,K$4<=$E64),1,"") | L64: =IF(AND(L$4>=$D64,L$4<=$E64),1,"") | M64: =IF(AND(M$4>=$D64,M$4<=$E64),1,"") -> 1 | ... AE64: =IF(AND(AE$4>=$D64,AE$4<=$E64),1,"")
A65: =Features!A59 -> H3 | B65: =Features!C59 -> Events endpoint + status_history source | C65: =Features!E59 -> R2 | D65: =Features!I59 -> 9 | E65: =Features!J59 -> 12 | F65: =IF(AND(F$4>=$D65,F$4<=$E65),1,"") | G65: =IF(AND(G$4>=$D65,G$4<=$E65),1,"") | H65: =IF(AND(H$4>=$D65,H$4<=$E65),1,"") | I65: =IF(AND(I$4>=$D65,I$4<=$E65),1,"") | J65: =IF(AND(J$4>=$D65,J$4<=$E65),1,"") | K65: =IF(AND(K$4>=$D65,K$4<=$E65),1,"") | L65: =IF(AND(L$4>=$D65,L$4<=$E65),1,"") | M65: =IF(AND(M$4>=$D65,M$4<=$E65),1,"") | ... AE65: =IF(AND(AE$4>=$D65,AE$4<=$E65),1,"")
A66: =Features!A60 -> H4 | B66: =Features!C60 -> DarkHorse StatusReporter | C66: =Features!E60 -> R2 | D66: =Features!I60 -> 11 | E66: =Features!J60 -> 14 | F66: =IF(AND(F$4>=$D66,F$4<=$E66),1,"") | G66: =IF(AND(G$4>=$D66,G$4<=$E66),1,"") | H66: =IF(AND(H$4>=$D66,H$4<=$E66),1,"") | I66: =IF(AND(I$4>=$D66,I$4<=$E66),1,"") | J66: =IF(AND(J$4>=$D66,J$4<=$E66),1,"") | K66: =IF(AND(K$4>=$D66,K$4<=$E66),1,"") | L66: =IF(AND(L$4>=$D66,L$4<=$E66),1,"") | M66: =IF(AND(M$4>=$D66,M$4<=$E66),1,"") | ... AE66: =IF(AND(AE$4>=$D66,AE$4<=$E66),1,"")
A67: =Features!A61 -> H5 | B67: =Features!C61 -> Auto-status mapping rules | C67: =Features!E61 -> R2 | D67: =Features!I61 -> 12 | E67: =Features!J61 -> 14 | F67: =IF(AND(F$4>=$D67,F$4<=$E67),1,"") | G67: =IF(AND(G$4>=$D67,G$4<=$E67),1,"") | H67: =IF(AND(H$4>=$D67,H$4<=$E67),1,"") | I67: =IF(AND(I$4>=$D67,I$4<=$E67),1,"") | J67: =IF(AND(J$4>=$D67,J$4<=$E67),1,"") | K67: =IF(AND(K$4>=$D67,K$4<=$E67),1,"") | L67: =IF(AND(L$4>=$D67,L$4<=$E67),1,"") | M67: =IF(AND(M$4>=$D67,M$4<=$E67),1,"") | ... AE67: =IF(AND(AE$4>=$D67,AE$4<=$E67),1,"")
A68: =Features!A62 -> H6 | B68: =Features!C62 -> ChickletFlow on Azure | C68: =Features!E62 -> R2 | D68: =Features!I62 -> 8 | E68: =Features!J62 -> 11 | F68: =IF(AND(F$4>=$D68,F$4<=$E68),1,"") | G68: =IF(AND(G$4>=$D68,G$4<=$E68),1,"") | H68: =IF(AND(H$4>=$D68,H$4<=$E68),1,"") | I68: =IF(AND(I$4>=$D68,I$4<=$E68),1,"") | J68: =IF(AND(J$4>=$D68,J$4<=$E68),1,"") | K68: =IF(AND(K$4>=$D68,K$4<=$E68),1,"") | L68: =IF(AND(L$4>=$D68,L$4<=$E68),1,"") | M68: =IF(AND(M$4>=$D68,M$4<=$E68),1,"") -> 1 | ... AE68: =IF(AND(AE$4>=$D68,AE$4<=$E68),1,"")
A69: =Features!A63 -> H7 | B69: =Features!C63 -> Board: run badge + delivery dashboard | C69: =Features!E63 -> R3 | D69: =Features!I63 -> 15 | E69: =Features!J63 -> 19 | F69: =IF(AND(F$4>=$D69,F$4<=$E69),1,"") | G69: =IF(AND(G$4>=$D69,G$4<=$E69),1,"") | H69: =IF(AND(H$4>=$D69,H$4<=$E69),1,"") | I69: =IF(AND(I$4>=$D69,I$4<=$E69),1,"") | J69: =IF(AND(J$4>=$D69,J$4<=$E69),1,"") | K69: =IF(AND(K$4>=$D69,K$4<=$E69),1,"") | L69: =IF(AND(L$4>=$D69,L$4<=$E69),1,"") | M69: =IF(AND(M$4>=$D69,M$4<=$E69),1,"") | ... AE69: =IF(AND(AE$4>=$D69,AE$4<=$E69),1,"")
A70: Cross-Product
A71: =Features!A64 -> I1 | B71: =Features!C64 -> Unified identity (Entra groups/roles) | C71: =Features!E64 -> MVP | D71: =Features!I64 -> 5 | E71: =Features!J64 -> 8 | F71: =IF(AND(F$4>=$D71,F$4<=$E71),1,"") | G71: =IF(AND(G$4>=$D71,G$4<=$E71),1,"") | H71: =IF(AND(H$4>=$D71,H$4<=$E71),1,"") | I71: =IF(AND(I$4>=$D71,I$4<=$E71),1,"") | J71: =IF(AND(J$4>=$D71,J$4<=$E71),1,"") -> 1 | K71: =IF(AND(K$4>=$D71,K$4<=$E71),1,"") -> 1 | L71: =IF(AND(L$4>=$D71,L$4<=$E71),1,"") -> 1 | M71: =IF(AND(M$4>=$D71,M$4<=$E71),1,"") -> 1 | ... AE71: =IF(AND(AE$4>=$D71,AE$4<=$E71),1,"")
A72: =Features!A65 -> I2 | B72: =Features!C65 -> Event and ID contract | C72: =Features!E65 -> R0 | D72: =Features!I65 -> 2 | E72: =Features!J65 -> 4 | F72: =IF(AND(F$4>=$D72,F$4<=$E72),1,"") | G72: =IF(AND(G$4>=$D72,G$4<=$E72),1,"") -> 1 | H72: =IF(AND(H$4>=$D72,H$4<=$E72),1,"") -> 1 | I72: =IF(AND(I$4>=$D72,I$4<=$E72),1,"") -> 1 | J72: =IF(AND(J$4>=$D72,J$4<=$E72),1,"") | K72: =IF(AND(K$4>=$D72,K$4<=$E72),1,"") | L72: =IF(AND(L$4>=$D72,L$4<=$E72),1,"") | M72: =IF(AND(M$4>=$D72,M$4<=$E72),1,"") | ... AE72: =IF(AND(AE$4>=$D72,AE$4<=$E72),1,"")
A73: =Features!A66 -> I3 | B73: =Features!C66 -> End-to-end UAT | C73: =Features!E66 -> R3 | D73: =Features!I66 -> 18 | E73: =Features!J66 -> 20 | F73: =IF(AND(F$4>=$D73,F$4<=$E73),1,"") | G73: =IF(AND(G$4>=$D73,G$4<=$E73),1,"") | H73: =IF(AND(H$4>=$D73,H$4<=$E73),1,"") | I73: =IF(AND(I$4>=$D73,I$4<=$E73),1,"") | J73: =IF(AND(J$4>=$D73,J$4<=$E73),1,"") | K73: =IF(AND(K$4>=$D73,K$4<=$E73),1,"") | L73: =IF(AND(L$4>=$D73,L$4<=$E73),1,"") | M73: =IF(AND(M$4>=$D73,M$4<=$E73),1,"") | ... AE73: =IF(AND(AE$4>=$D73,AE$4<=$E73),1,"")
A74: =Features!A67 -> I4 | B74: =Features!C67 -> Internal pilot on one RICEFW | C74: =Features!E67 -> MVP | D74: =Features!I67 -> 7 | E74: =Features!J67 -> 8 | F74: =IF(AND(F$4>=$D74,F$4<=$E74),1,"") | G74: =IF(AND(G$4>=$D74,G$4<=$E74),1,"") | H74: =IF(AND(H$4>=$D74,H$4<=$E74),1,"") | I74: =IF(AND(I$4>=$D74,I$4<=$E74),1,"") | J74: =IF(AND(J$4>=$D74,J$4<=$E74),1,"") | K74: =IF(AND(K$4>=$D74,K$4<=$E74),1,"") | L74: =IF(AND(L$4>=$D74,L$4<=$E74),1,"") -> 1 | M74: =IF(AND(M$4>=$D74,M$4<=$E74),1,"") -> 1 | ... AE74: =IF(AND(AE$4>=$D74,AE$4<=$E74),1,"")
A75: =Features!A68 -> I5 | B75: =Features!C68 -> Wider program pilot | C75: =Features!E68 -> GA | D75: =Features!I68 -> 21 | E75: =Features!J68 -> 23 | F75: =IF(AND(F$4>=$D75,F$4<=$E75),1,"") | G75: =IF(AND(G$4>=$D75,G$4<=$E75),1,"") | H75: =IF(AND(H$4>=$D75,H$4<=$E75),1,"") | I75: =IF(AND(I$4>=$D75,I$4<=$E75),1,"") | J75: =IF(AND(J$4>=$D75,J$4<=$E75),1,"") | K75: =IF(AND(K$4>=$D75,K$4<=$E75),1,"") | L75: =IF(AND(L$4>=$D75,L$4<=$E75),1,"") | M75: =IF(AND(M$4>=$D75,M$4<=$E75),1,"") | ... AE75: =IF(AND(AE$4>=$D75,AE$4<=$E75),1,"")
A76: Release & Governance
A77: =Features!A69 -> J1 | B77: =Features!C69 -> Threat model + security design review | C77: =Features!E69 -> R0 | D77: =Features!I69 -> 2 | E77: =Features!J69 -> 3 | F77: =IF(AND(F$4>=$D77,F$4<=$E77),1,"") | G77: =IF(AND(G$4>=$D77,G$4<=$E77),1,"") -> 1 | H77: =IF(AND(H$4>=$D77,H$4<=$E77),1,"") -> 1 | I77: =IF(AND(I$4>=$D77,I$4<=$E77),1,"") | J77: =IF(AND(J$4>=$D77,J$4<=$E77),1,"") | K77: =IF(AND(K$4>=$D77,K$4<=$E77),1,"") | L77: =IF(AND(L$4>=$D77,L$4<=$E77),1,"") | M77: =IF(AND(M$4>=$D77,M$4<=$E77),1,"") | ... AE77: =IF(AND(AE$4>=$D77,AE$4<=$E77),1,"")
A78: =Features!A70 -> J2 | B78: =Features!C70 -> Documentation + training | C78: =Features!E70 -> GA | D78: =Features!I70 -> 18 | E78: =Features!J70 -> 23 | F78: =IF(AND(F$4>=$D78,F$4<=$E78),1,"") | G78: =IF(AND(G$4>=$D78,G$4<=$E78),1,"") | H78: =IF(AND(H$4>=$D78,H$4<=$E78),1,"") | I78: =IF(AND(I$4>=$D78,I$4<=$E78),1,"") | J78: =IF(AND(J$4>=$D78,J$4<=$E78),1,"") | K78: =IF(AND(K$4>=$D78,K$4<=$E78),1,"") | L78: =IF(AND(L$4>=$D78,L$4<=$E78),1,"") | M78: =IF(AND(M$4>=$D78,M$4<=$E78),1,"") | ... AE78: =IF(AND(AE$4>=$D78,AE$4<=$E78),1,"")
A79: =Features!A71 -> J3 | B79: =Features!C71 -> GA readiness + go-live | C79: =Features!E71 -> GA | D79: =Features!I71 -> 23 | E79: =Features!J71 -> 24 | F79: =IF(AND(F$4>=$D79,F$4<=$E79),1,"") | G79: =IF(AND(G$4>=$D79,G$4<=$E79),1,"") | H79: =IF(AND(H$4>=$D79,H$4<=$E79),1,"") | I79: =IF(AND(I$4>=$D79,I$4<=$E79),1,"") | J79: =IF(AND(J$4>=$D79,J$4<=$E79),1,"") | K79: =IF(AND(K$4>=$D79,K$4<=$E79),1,"") | L79: =IF(AND(L$4>=$D79,L$4<=$E79),1,"") | M79: =IF(AND(M$4>=$D79,M$4<=$E79),1,"") | ... AE79: =IF(AND(AE$4>=$D79,AE$4<=$E79),1,"")
A80: =Features!A72 -> J4 | B80: =Features!C72 -> Security review + penetration test | C80: =Features!E72 -> GA | D80: =Features!I72 -> 21 | E80: =Features!J72 -> 23 | F80: =IF(AND(F$4>=$D80,F$4<=$E80),1,"") | G80: =IF(AND(G$4>=$D80,G$4<=$E80),1,"") | H80: =IF(AND(H$4>=$D80,H$4<=$E80),1,"") | I80: =IF(AND(I$4>=$D80,I$4<=$E80),1,"") | J80: =IF(AND(J$4>=$D80,J$4<=$E80),1,"") | K80: =IF(AND(K$4>=$D80,K$4<=$E80),1,"") | L80: =IF(AND(L$4>=$D80,L$4<=$E80),1,"") | M80: =IF(AND(M$4>=$D80,M$4<=$E80),1,"") | ... AE80: =IF(AND(AE$4>=$D80,AE$4<=$E80),1,"")

Sheet Release Plan
A1: Release plan - when each feature goes live
A2: Release weeks are the source of truth; each Planned feature must finish by its release week.
A4: Release | B4: Name | C4: Week | D4: Go-live date (Fri) | E4: Environment | F4: New features | G4: Go/no-go criteria
A5: R0 | B5: R0 - Azure Foundations (dev env live) | C5: 4 | D5: =Summary!$C$4+7*(C5-1)+4 -> 46346 | E5: Azure dev | F5: =COUNTIFS(Features!$E$2:$E$72,A5,Features!$H$2:$H$72,"Planned") -> 7 | G5: IaC reproducible; CI/CD green; MCP + LLM proxy reachable in dev; KB in index v2; contract drafted
A6: MVP | B6: MVP - DarkHorse on Azure, Continuum read integration, internal pilot | C6: 8 | D6: =Summary!$C$4+7*(C6-1)+4 -> 46374 | E6: Azure prod (internal pilot) | F6: =COUNTIFS(Features!$E$2:$E$72,A6,Features!$H$2:$H$72,"Planned") -> 16 | G6: Entra auth enforced; retrieval eval above agreed threshold; one real RICEFW end to end; rollback tested; budgets/alerts live
A7: R2 | B7: R2 - Memory, Clean Core loop, full Continuum + ChickletFlow integration | C7: 14 | D7: =Summary!$C$4+7*(C7-1)+4 -> 46416 | E7: Azure prod (pilot teams) | F7: =COUNTIFS(Features!$E$2:$E$72,A7,Features!$H$2:$H$72,"Planned") -> 24 | G7: Clean Core loop pass-rate target met; Continuum webhook -> run -> push-back -> ChickletFlow status works; auth on all three apps
A8: R3 | B8: R3 - Marketplace, multi-model, private networking, dashboards | C8: 20 | D8: =Summary!$C$4+7*(C8-1)+4 -> 46458 | E8: Azure prod (all programs) | F8: =COUNTIFS(Features!$E$2:$E$72,A8,Features!$H$2:$H$72,"Planned") -> 11 | G8: UAT across 5+ RICEFW types; private networking validated; marketplace install/update works
A9: GA | B9: GA - Production hardening, client-tenant template, security sign-off | C9: 24 | D9: =Summary!$C$4+7*(C9-1)+4 -> 46486 | E9: Azure prod + client-tenant template | F9: =COUNTIFS(Features!$E$2:$E$72,A9,Features!$H$2:$H$72,"Planned") -> 6 | G9: Pen-test findings closed; DR test passed; docs + training done; support model and SLA agreed
A11: Features by release
A12: Release | B12: Feature | C12: ID | D12: Go-live date | E12: Workstream | F12: MVP? | G12: Priority
A13: Shipped | B13: Ingest framework + 8 fetchers + Azure embedder/index | C13: B0 | D13: Live (v0.7.38) | E13: RAG & Knowledge | G13: High
A14: Shipped | B14: MCP tools (verify_badi/exit, clean core level, CDS, EML, RAP, CBO) | C14: C1 | D14: Live (v0.7.38) | E14: MCP Server | G14: High
A15: Shipped | B15: Grounded Code/TDS/SO/FDS agents | C15: D1 | D15: Live (v0.7.38) | E15: Agents & Pipeline | G15: High
A16: Shipped | B16: ReviewAgent + auto-rewrite + ZI_ wrappers | C16: D2 | D16: Live (v0.7.38) | E16: Agents & Pipeline | G16: High
A17: Shipped | B17: TdsPostCodeAgent | C17: D3 | D17: Live (v0.7.38) | E17: Agents & Pipeline | G17: Med
A18: Shipped | B18: Solution architecture diagram | C18: D4 | D18: Live (v0.7.38) | E18: Agents & Pipeline | G18: Med
A19: Shipped | B19: Extension v0.7.38 + version in status bar | C19: F2 | D19: Live (v0.7.38) | E19: Editor | G19: Low
A20: R0 | B20: Azure landing zone + IaC | C20: A1 | D20: =Summary!$C$4+7*(4-1)+4 -> 46346 | E20: Azure Platform | F20: Yes | G20: High
A21: R0 | B21: Azure OpenAI / Foundry deployments | C21: A2 | D21: =Summary!$C$4+7*(4-1)+4 -> 46346 | E21: Azure Platform | F21: Yes | G21: High
A22: R0 | B22: Azure AI Search + index schema v2 | C22: A3 | D22: =Summary!$C$4+7*(4-1)+4 -> 46346 | E22: Azure Platform | F22: Yes | G22: High
A23: R0 | B23: Containerize services | C23: A4 | D23: =Summary!$C$4+7*(4-1)+4 -> 46346 | E23: Azure Platform | F23: Yes | G23: High
A24: R0 | B24: CI/CD pipelines | C24: A7 | D24: =Summary!$C$4+7*(4-1)+4 -> 46346 | E24: Azure Platform | F24: Yes | G24: High
A25: R0 | B25: Event and ID contract | C25: I2 | D25: =Summary!$C$4+7*(4-1)+4 -> 46346 | E25: Cross-Product | F25: Yes | G25: High
A26: R0 | B26: Threat model + security design review | C26: J1 | D26: =Summary!$C$4+7*(4-1)+4 -> 46346 | E26: Release & Governance | F26: Yes | G26: High
A27: MVP | B27: Container Apps env + APIM + Front Door | C27: A5 | D27: =Summary!$C$4+7*(8-1)+4 -> 46374 | E27: Azure Platform | F27: Yes | G27: High
A28: MVP | B28: Entra ID auth + managed identity | C28: A6 | D28: =Summary!$C$4+7*(8-1)+4 -> 46374 | E28: Azure Platform | F28: Yes | G28: High
A29: MVP | B29: Observability + cost controls | C29: A8 | D29: =Summary!$C$4+7*(8-1)+4 -> 46374 | E29: Azure Platform | F29: Yes | G29: Med
A30: MVP | B30: Prod environment + go-live runbook | C30: A9 | D30: =Summary!$C$4+7*(8-1)+4 -> 46374 | E30: Azure Platform | F30: Yes | G30: High
A31: MVP | B31: Scheduled ingest job on Azure | C31: B1 | D31: =Summary!$C$4+7*(8-1)+4 -> 46374 | E31: RAG & Knowledge | F31: Yes | G31: High
A32: MVP | B32: Re-ingest KB with hybrid + metadata filters | C32: B2 | D32: =Summary!$C$4+7*(8-1)+4 -> 46374 | E32: RAG & Knowledge | F32: Yes | G32: High
A33: MVP | B33: Retrieval quality eval harness | C33: B8 | D33: =Summary!$C$4+7*(8-1)+4 -> 46374 | E33: RAG & Knowledge | F33: Yes | G33: High
A34: MVP | B34: MCP HTTP/SSE transport + auth middleware | C34: C2 | D34: =Summary!$C$4+7*(8-1)+4 -> 46374 | E34: MCP Server | F34: Yes | G34: High
A35: MVP | B35: MCP uses managed identity for Search | C35: C3 | D35: =Summary!$C$4+7*(8-1)+4 -> 46374 | E35: MCP Server | F35: Yes | G35: High
A36: MVP | B36: LLM proxy on Azure | C36: D6 | D36: =Summary!$C$4+7*(8-1)+4 -> 46374 | E36: Agents & Pipeline | F36: Yes | G36: High
A37: MVP | B37: Editor endpoint config + Entra sign-in | C37: F1 | D37: =Summary!$C$4+7*(8-1)+4 -> 46374 | E37: Editor | F37: Yes | G37: High
A38: MVP | B38: Pipeline UX for Azure status/errors | C38: F3 | D38: =Summary!$C$4+7*(8-1)+4 -> 46374 | E38: Editor | F38: Yes | G38: Med
... A42: MVP | B42: Internal pilot on one RICEFW | C42: I4 | D42: =Summary!$C$4+7*(8-1)+4 -> 46374 | E42: Cross-Product | F42: Yes | G42: High
A43: R2 | B43: EDMX live run (XSUAA auth) | C43: B3 | D43: =Summary!$C$4+7*(14-1)+4 -> 46416 | E43: RAG & Knowledge | G43: High
A44: R2 | B44: help-portal-cds re-crawl | C44: B4 | D44: =Summary!$C$4+7*(14-1)+4 -> 46416 | E44: RAG & Knowledge | G44: Med
A45: R2 | B45: KB coverage gap closure | C45: B5 | D45: =Summary!$C$4+7*(14-1)+4 -> 46416 | E45: RAG & Knowledge | G45: High
A46: R2 | B46: Blob raw cache + ingest versioning | C46: B7 | D46: =Summary!$C$4+7*(14-1)+4 -> 46416 | E46: RAG & Knowledge | G46: Med
A47: R2 | B47: New MCP tools | C47: C4 | D47: =Summary!$C$4+7*(14-1)+4 -> 46416 | E47: MCP Server | G47: High
A48: R2 | B48: MCP rate limits, audit logs, tenant filters | C48: C5 | D48: =Summary!$C$4+7*(14-1)+4 -> 46416 | E48: MCP Server | G48: Med
A49: R2 | B49: Headless agent service on Azure | C49: D5 | D49: =Summary!$C$4+7*(14-1)+4 -> 46416 | E49: Agents & Pipeline | G49: High
A50: R2 | B50: Clean Core validation loop | C50: D7 | D50: =Summary!$C$4+7*(14-1)+4 -> 46416 | E50: Agents & Pipeline | G50: High
A51: R2 | B51: Source citations in generated output | C51: D8 | D51: =Summary!$C$4+7*(14-1)+4 -> 46416 | E51: Agents & Pipeline | G51: Med
A52: R2 | B52: Cosmos DB + memory schema | C52: E1 | D52: =Summary!$C$4+7*(14-1)+4 -> 46416 | E52: Memory | G52: High
A53: R2 | B53: Session & project memory API | C53: E2 | D53: =Summary!$C$4+7*(14-1)+4 -> 46416 | E53: Memory | G53: High
A54: R2 | B54: Correction Store indexed to AI Search | C54: E3 | D54: =Summary!$C$4+7*(14-1)+4 -> 46416 | E54: Memory | G54: High
... A66: R2 | B66: ChickletFlow on Azure | C66: H6 | D66: =Summary!$C$4+7*(14-1)+4 -> 46416 | E66: ChickletFlow Integration | G66: High
A67: R3 | B67: Private networking | C67: A10 | D67: =Summary!$C$4+7*(20-1)+4 -> 46458 | E67: Azure Platform | G67: Med
A68: R3 | B68: LearningPortalFetcher | C68: B6 | D68: =Summary!$C$4+7*(20-1)+4 -> 46458 | E68: RAG & Knowledge | G68: Low
A69: R3 | B69: Agent marketplace (Sprint 7) | C69: D9 | D69: =Summary!$C$4+7*(20-1)+4 -> 46458 | E69: Agents & Pipeline | G69: Med
A70: R3 | B70: Multi-model routing | C70: D10 | D70: =Summary!$C$4+7*(20-1)+4 -> 46458 | E70: Agents & Pipeline | G70: Med
A71: R3 | B71: Prompt registry + eval regression suite | C71: D11 | D71: =Summary!$C$4+7*(20-1)+4 -> 46458 | E71: Agents & Pipeline | G71: Med
A72: R3 | B72: Approved-pattern library | C72: E4 | D72: =Summary!$C$4+7*(20-1)+4 -> 46458 | E72: Memory | G72: Med
A73: R3 | B73: Memory governance | C73: E5 | D73: =Summary!$C$4+7*(20-1)+4 -> 46458 | E73: Memory | G73: Med
A74: R3 | B74: Telemetry (opt-in) + usage dashboard | C74: F5 | D74: =Summary!$C$4+7*(20-1)+4 -> 46458 | E74: Editor | G74: Low
A75: R3 | B75: Continuum UI: Generate with DarkHorse | C75: G8 | D75: =Summary!$C$4+7*(20-1)+4 -> 46458 | E75: Continuum Integration | G75: Med
A76: R3 | B76: Board: run badge + delivery dashboard | C76: H7 | D76: =Summary!$C$4+7*(20-1)+4 -> 46458 | E76: ChickletFlow Integration | G76: Med
A77: R3 | B77: End-to-end UAT | C77: I3 | D77: =Summary!$C$4+7*(20-1)+4 -> 46458 | E77: Cross-Product | G77: High
A78: GA | B78: Per-client deployment template | C78: A11 | D78: =Summary!$C$4+7*(24-1)+4 -> 46486 | E78: Azure Platform | G78: High
A79: GA | B79: DR, backup, load and pen-test remediation | C79: A12 | D79: =Summary!$C$4+7*(24-1)+4 -> 46486 | E79: Azure Platform | G79: High
A80: GA | B80: Wider program pilot | C80: I5 | D80: =Summary!$C$4+7*(24-1)+4 -> 46486 | E80: Cross-Product | G80: High
A81: GA | B81: Documentation + training | C81: J2 | D81: =Summary!$C$4+7*(24-1)+4 -> 46486 | E81: Release & Governance | G81: Med
A82: GA | B82: GA readiness + go-live | C82: J3 | D82: =Summary!$C$4+7*(24-1)+4 -> 46486 | E82: Release & Governance | G82: High
A83: GA | B83: Security review + penetration test | C83: J4 | D83: =Summary!$C$4+7*(24-1)+4 -> 46486 | E83: Release & Governance | G83: High

Sheet Integration
A1: System | B1: Area | C1: Type | D1: Change required | E1: Where (code) | F1: Release | G1: Start wk | H1: End wk | I1: Start date | J1: End date | K1: Person-weeks | L1: Owner
A2: Continuum | B2: Auth | C2: API | D2: Add service-token (API key / Entra client-credential) auth alongside NextAuth sessions so DarkHorse can call ricefw endpoints | E2: lib/auth.ts, middleware.ts, app/api/w/[slug]/ricefws/* | F2: MVP | G2: 3 | H2: 6 | I2: =Summary!$C$4+7*(G2-1) -> 46335 | J2: =Summary!$C$4+7*(H2-1)+4 -> 46360 | K2: 3 | L2: TBD
A3: Continuum | B3: API contract | C3: API | D3: Publish OpenAPI spec for read of latest APPROVED RicefwVersion sections (BR, FD, TD, Test, Cutover) by workspace slug + objectId | E3: app/api/w/[slug]/ricefws/[id]/route.ts | F3: MVP | G3: 3 | H3: 6 | I3: =Summary!$C$4+7*(G3-1) -> 46335 | J3: =Summary!$C$4+7*(H3-1)+4 -> 46360 | K3: 1 | L3: TBD
A4: Continuum | B4: Schema | C4: Data model | D4: Add darkhorseRunId, cleanCoreScore, generatedObjects (JSON) to Ricefw/RicefwVersion; add DARKHORSE to TraceSystem enum; Prisma migration | E4: prisma/schema.prisma (Ricefw, TraceLink, TraceSystem) | F4: R2 | G4: 9 | H4: 11 | I4: =Summary!$C$4+7*(G4-1) -> 46377 | J4: =Summary!$C$4+7*(H4-1)+4 -> 46395 | K4: 2 | L4: TBD
A5: Continuum | B5: Write-back | C5: API | D5: Endpoint to create DRAFT version from DarkHorse and attach generated TDS/code/diagram/Clean Core report as Attachments | E5: app/api/w/[slug]/ricefws/[id]/attachments, versions | F5: R2 | G5: 9 | H5: 12 | I5: =Summary!$C$4+7*(G5-1) -> 46377 | J5: =Summary!$C$4+7*(H5-1)+4 -> 46402 | K5: 3 | L5: TBD
A6: Continuum | B6: Webhook | C6: API | D6: Emit signed webhook on approval (APPROVED/PUBLISHED) to DarkHorse agent service; retry + dead-letter | E6: app/api/w/[slug]/ricefws/[id]/approvals/route.ts, status/route.ts | F6: R2 | G6: 11 | H6: 14 | I6: =Summary!$C$4+7*(G6-1) -> 46391 | J6: =Summary!$C$4+7*(H6-1)+4 -> 46416 | K6: 3 | L6: TBD
A7: Continuum | B7: Identity | C7: Auth | D7: Replace credentials/invite-only auth with Entra ID SSO; map Entra groups to WorkspaceRole | E7: app/api/auth/[...nextauth], lib/auth.ts | F7: R2 | G7: 7 | H7: 11 | I7: =Summary!$C$4+7*(G7-1) -> 46363 | J7: =Summary!$C$4+7*(H7-1)+4 -> 46395 | K7: 3 | L7: TBD
A8: Continuum | B8: AI | C8: Code | D8: Route lib/ai (enhanceField) through the Azure LLM proxy instead of direct ANTHROPIC_API_KEY | E8: lib/ai.ts, app/api/w/[slug]/ai/enhance/route.ts | F8: R2 | G8: 10 | H8: 12 | I8: =Summary!$C$4+7*(G8-1) -> 46384 | J8: =Summary!$C$4+7*(H8-1)+4 -> 46402 | K8: 2 | L8: TBD
A9: Continuum | B9: Deploy | C9: Infra | D9: Container Apps + Azure Postgres Flexible Server; Key Vault for AUTH_SECRET; run prisma migrate deploy in release pipeline | E9: Dockerfile, docker-compose.yml | F9: R2 | G9: 7 | H9: 11 | I9: =Summary!$C$4+7*(G9-1) -> 46363 | J9: =Summary!$C$4+7*(H9-1)+4 -> 46395 | K9: 4 | L9: TBD
A10: Continuum | B10: UI | C10: UI | D10: Generate with DarkHorse button, run status panel, Clean Core score badge on RICEFW page | E10: components/*, app/w/[slug]/... | F10: R3 | G10: 14 | H10: 18 | I10: =Summary!$C$4+7*(G10-1) -> 46412 | J10: =Summary!$C$4+7*(H10-1)+4 -> 46444 | K10: 4 | L10: TBD
A11: ChickletFlow | B11: Auth | C11: Auth | D11: Add Entra ID auth + service tokens to FastAPI and /ws/board (currently open; CORS only) | E11: backend/app/main.py, config.py, websocket.py | F11: R2 | G11: 6 | H11: 9 | I11: =Summary!$C$4+7*(G11-1) -> 46356 | J11: =Summary!$C$4+7*(H11-1)+4 -> 46381 | K11: 3 | L11: TBD
A12: ChickletFlow | B12: Schema | C12: Data model | D12: Add continuum_object_id, continuum_url, darkhorse_run_id, clean_core_score to work_items; Alembic migration | E12: backend/app/models.py, schemas.py, alembic/ | F12: R2 | G12: 8 | H12: 10 | I12: =Summary!$C$4+7*(G12-1) -> 46370 | J12: =Summary!$C$4+7*(H12-1)+4 -> 46388 | K12: 2 | L12: TBD
A13: ChickletFlow | B13: Events | C13: API | D13: POST /api/work-items/{id}/events for DarkHorse/Continuum; add source column to status_history; broadcast over WebSocket | E13: backend/app/routers/work_items.py, crud.py, websocket.py | F13: R2 | G13: 9 | H13: 12 | I13: =Summary!$C$4+7*(G13-1) -> 46377 | J13: =Summary!$C$4+7*(H13-1)+4 -> 46402 | K13: 3 | L13: TBD
... A21: All | B21: Contract | C21: Design | D21: Shared event/ID contract and versioning (RICEFW ID, run id, status events) | E21: docs/ (new integration spec) | F21: R0 | G21: 2 | H21: 4 | I21: =Summary!$C$4+7*(G21-1) -> 46328 | J21: =Summary!$C$4+7*(H21-1)+4 -> 46346 | K21: 2 | L21: TBD

Sheet Azure Deployment
A1: Step | B1: Phase | C1: What gets deployed | D1: Features | E1: Start wk | F1: End wk | G1: Start date | H1: End date | I1: Environment
A2: 1 | B2: Foundation | C2: Subscription, RBAC, naming/tagging, resource groups dev/prod, Key Vault, ACR, Log Analytics | D2: A1, J1 | E2: 1 | F2: 3 | G2: =Summary!$C$4+7*(E2-1) -> 46321 | H2: =Summary!$C$4+7*(F2-1)+4 -> 46339 | I2: Dev
A3: 2 | B3: AI services | C3: Azure OpenAI chat + embeddings deployments, AI Search S1 + semantic ranker | D3: A2, A3 | E3: 1 | F3: 4 | G3: =Summary!$C$4+7*(E3-1) -> 46321 | H3: =Summary!$C$4+7*(F3-1)+4 -> 46346 | I3: Dev
A4: 3 | B4: Containers + CI/CD | C4: Dockerfiles, ACR push, Container Apps env, GitHub Actions | D4: A4, A7 | E4: 3 | F4: 4 | G4: =Summary!$C$4+7*(E4-1) -> 46335 | H4: =Summary!$C$4+7*(F4-1)+4 -> 46346 | I4: Dev
A5: 4 | B5: Dev live (R0) | C5: MCP + LLM proxy reachable in dev; KB ingested to index v2 | D5: M1 | E5: 4 | F5: 4 | G5: =Summary!$C$4+7*(E5-1) -> 46342 | H5: =Summary!$C$4+7*(F5-1)+4 -> 46346 | I5: Dev
A6: 5 | B6: Edge + identity | C6: APIM, Front Door, Entra app registration, managed identities | D6: A5, A6 | E6: 4 | F6: 7 | G6: =Summary!$C$4+7*(E6-1) -> 46342 | H6: =Summary!$C$4+7*(F6-1)+4 -> 46367 | I6: Dev -> Prod
A7: 6 | B7: Ingest + retrieval | C7: Scheduled ingest job, hybrid index, eval harness | D7: B1, B2, B8 | E7: 5 | F7: 8 | G7: =Summary!$C$4+7*(E7-1) -> 46349 | H7: =Summary!$C$4+7*(F7-1)+4 -> 46374 | I7: Dev -> Prod
A8: 7 | B8: Observability | C8: App Insights, dashboards, alerts, budgets | D8: A8 | E8: 6 | F8: 8 | G8: =Summary!$C$4+7*(E8-1) -> 46356 | H8: =Summary!$C$4+7*(F8-1)+4 -> 46374 | I8: Dev -> Prod
A9: 8 | B9: Prod + MVP go-live | C9: Prod env, runbook, smoke tests, pilot RICEFW | D9: A9, I4 | E9: 7 | F9: 8 | G9: =Summary!$C$4+7*(E9-1) -> 46363 | H9: =Summary!$C$4+7*(F9-1)+4 -> 46374 | I9: Prod
A10: 9 | B10: Continuum + ChickletFlow to Azure | C10: Container Apps + Postgres Flexible for both apps; Entra SSO | D10: G6, H6, H1 | E10: 6 | F10: 11 | G10: =Summary!$C$4+7*(E10-1) -> 46356 | H10: =Summary!$C$4+7*(F10-1)+4 -> 46395 | I10: Dev -> Prod
A11: 10 | B11: Memory + agent service | C11: Cosmos DB, headless agent service, MCP memory tools | D11: E1, D5 | E11: 8 | F11: 14 | G11: =Summary!$C$4+7*(E11-1) -> 46370 | H11: =Summary!$C$4+7*(F11-1)+4 -> 46416 | I11: Prod
A12: 11 | B12: Private networking | C12: VNet, Private Endpoints, optional no-public-access | D12: A10 | E12: 16 | F12: 20 | G12: =Summary!$C$4+7*(E12-1) -> 46426 | H12: =Summary!$C$4+7*(F12-1)+4 -> 46458 | I12: Prod
A13: 12 | B13: Client-tenant template + DR | C13: Parameterized IaC for client subscriptions, DR test, pen-test fixes | D13: A11, A12 | E13: 20 | F13: 24 | G13: =Summary!$C$4+7*(E13-1) -> 46454 | H13: =Summary!$C$4+7*(F13-1)+4 -> 46486 | I13: Prod / Client
B15: Key Azure dates
B16: Dev environment live | C16: Week 4 | G16: =Summary!$C$4+7*(4-1)+4 -> 46346
B17: Prod environment + MVP go-live | C17: Week 8 | G17: =Summary!$C$4+7*(8-1)+4 -> 46374
B18: Continuum + ChickletFlow on Azure | C18: Week 11 | G18: =Summary!$C$4+7*(11-1)+4 -> 46395
B19: Integrated release (R2) | C19: Week 14 | G19: =Summary!$C$4+7*(14-1)+4 -> 46416
B20: Private networking done | C20: Week 20 | G20: =Summary!$C$4+7*(20-1)+4 -> 46458
B21: GA / client-tenant template | C21: Week 24 | G21: =Summary!$C$4+7*(24-1)+4 -> 46486

Sheet Effort by Workstream
A1: Workstream | B1: R0 | C1: MVP | D1: R2 | E1: R3 | F1: GA | G1: Total (pw)
A2: Azure Platform | B2: =SUMIFS(Features!$M$2:$M$72,Features!$B$2:$B$72,$A2,Features!$E$2:$E$72,B$1) -> 10 | C2: =SUMIFS(Features!$M$2:$M$72,Features!$B$2:$B$72,$A2,Features!$E$2:$E$72,C$1) -> 10 | D2: =SUMIFS(Features!$M$2:$M$72,Features!$B$2:$B$72,$A2,Features!$E$2:$E$72,D$1) -> 0 | E2: =SUMIFS(Features!$M$2:$M$72,Features!$B$2:$B$72,$A2,Features!$E$2:$E$72,E$1) -> 4 | F2: =SUMIFS(Features!$M$2:$M$72,Features!$B$2:$B$72,$A2,Features!$E$2:$E$72,F$1) -> 7 | G2: =SUM(B2:F2) -> 31
A3: RAG & Knowledge | B3: =SUMIFS(Features!$M$2:$M$72,Features!$B$2:$B$72,$A3,Features!$E$2:$E$72,B$1) -> 0 | C3: =SUMIFS(Features!$M$2:$M$72,Features!$B$2:$B$72,$A3,Features!$E$2:$E$72,C$1) -> 7 | D3: =SUMIFS(Features!$M$2:$M$72,Features!$B$2:$B$72,$A3,Features!$E$2:$E$72,D$1) -> 10 | E3: =SUMIFS(Features!$M$2:$M$72,Features!$B$2:$B$72,$A3,Features!$E$2:$E$72,E$1) -> 1 | F3: =SUMIFS(Features!$M$2:$M$72,Features!$B$2:$B$72,$A3,Features!$E$2:$E$72,F$1) -> 0 | G3: =SUM(B3:F3) -> 18
A4: MCP Server | B4: =SUMIFS(Features!$M$2:$M$72,Features!$B$2:$B$72,$A4,Features!$E$2:$E$72,B$1) -> 0 | C4: =SUMIFS(Features!$M$2:$M$72,Features!$B$2:$B$72,$A4,Features!$E$2:$E$72,C$1) -> 3 | D4: =SUMIFS(Features!$M$2:$M$72,Features!$B$2:$B$72,$A4,Features!$E$2:$E$72,D$1) -> 5 | E4: =SUMIFS(Features!$M$2:$M$72,Features!$B$2:$B$72,$A4,Features!$E$2:$E$72,E$1) -> 0 | F4: =SUMIFS(Features!$M$2:$M$72,Features!$B$2:$B$72,$A4,Features!$E$2:$E$72,F$1) -> 0 | G4: =SUM(B4:F4) -> 8
A5: Agents & Pipeline | B5: =SUMIFS(Features!$M$2:$M$72,Features!$B$2:$B$72,$A5,Features!$E$2:$E$72,B$1) -> 0 | C5: =SUMIFS(Features!$M$2:$M$72,Features!$B$2:$B$72,$A5,Features!$E$2:$E$72,C$1) -> 3 | D5: =SUMIFS(Features!$M$2:$M$72,Features!$B$2:$B$72,$A5,Features!$E$2:$E$72,D$1) -> 12 | E5: =SUMIFS(Features!$M$2:$M$72,Features!$B$2:$B$72,$A5,Features!$E$2:$E$72,E$1) -> 12 | F5: =SUMIFS(Features!$M$2:$M$72,Features!$B$2:$B$72,$A5,Features!$E$2:$E$72,F$1) -> 0 | G5: =SUM(B5:F5) -> 27
A6: Memory | B6: =SUMIFS(Features!$M$2:$M$72,Features!$B$2:$B$72,$A6,Features!$E$2:$E$72,B$1) -> 0 | C6: =SUMIFS(Features!$M$2:$M$72,Features!$B$2:$B$72,$A6,Features!$E$2:$E$72,C$1) -> 0 | D6: =SUMIFS(Features!$M$2:$M$72,Features!$B$2:$B$72,$A6,Features!$E$2:$E$72,D$1) -> 8 | E6: =SUMIFS(Features!$M$2:$M$72,Features!$B$2:$B$72,$A6,Features!$E$2:$E$72,E$1) -> 5 | F6: =SUMIFS(Features!$M$2:$M$72,Features!$B$2:$B$72,$A6,Features!$E$2:$E$72,F$1) -> 0 | G6: =SUM(B6:F6) -> 13
A7: Editor | B7: =SUMIFS(Features!$M$2:$M$72,Features!$B$2:$B$72,$A7,Features!$E$2:$E$72,B$1) -> 0 | C7: =SUMIFS(Features!$M$2:$M$72,Features!$B$2:$B$72,$A7,Features!$E$2:$E$72,C$1) -> 4 | D7: =SUMIFS(Features!$M$2:$M$72,Features!$B$2:$B$72,$A7,Features!$E$2:$E$72,D$1) -> 2 | E7: =SUMIFS(Features!$M$2:$M$72,Features!$B$2:$B$72,$A7,Features!$E$2:$E$72,E$1) -> 2 | F7: =SUMIFS(Features!$M$2:$M$72,Features!$B$2:$B$72,$A7,Features!$E$2:$E$72,F$1) -> 0 | G7: =SUM(B7:F7) -> 8
A8: Continuum Integration | B8: =SUMIFS(Features!$M$2:$M$72,Features!$B$2:$B$72,$A8,Features!$E$2:$E$72,B$1) -> 0 | C8: =SUMIFS(Features!$M$2:$M$72,Features!$B$2:$B$72,$A8,Features!$E$2:$E$72,C$1) -> 6 | D8: =SUMIFS(Features!$M$2:$M$72,Features!$B$2:$B$72,$A8,Features!$E$2:$E$72,D$1) -> 14 | E8: =SUMIFS(Features!$M$2:$M$72,Features!$B$2:$B$72,$A8,Features!$E$2:$E$72,E$1) -> 4 | F8: =SUMIFS(Features!$M$2:$M$72,Features!$B$2:$B$72,$A8,Features!$E$2:$E$72,F$1) -> 0 | G8: =SUM(B8:F8) -> 24
A9: ChickletFlow Integration | B9: =SUMIFS(Features!$M$2:$M$72,Features!$B$2:$B$72,$A9,Features!$E$2:$E$72,B$1) -> 0 | C9: =SUMIFS(Features!$M$2:$M$72,Features!$B$2:$B$72,$A9,Features!$E$2:$E$72,C$1) -> 0 | D9: =SUMIFS(Features!$M$2:$M$72,Features!$B$2:$B$72,$A9,Features!$E$2:$E$72,D$1) -> 16 | E9: =SUMIFS(Features!$M$2:$M$72,Features!$B$2:$B$72,$A9,Features!$E$2:$E$72,E$1) -> 4 | F9: =SUMIFS(Features!$M$2:$M$72,Features!$B$2:$B$72,$A9,Features!$E$2:$E$72,F$1) -> 0 | G9: =SUM(B9:F9) -> 20
A10: Cross-Product | B10: =SUMIFS(Features!$M$2:$M$72,Features!$B$2:$B$72,$A10,Features!$E$2:$E$72,B$1) -> 2 | C10: =SUMIFS(Features!$M$2:$M$72,Features!$B$2:$B$72,$A10,Features!$E$2:$E$72,C$1) -> 3 | D10: =SUMIFS(Features!$M$2:$M$72,Features!$B$2:$B$72,$A10,Features!$E$2:$E$72,D$1) -> 0 | E10: =SUMIFS(Features!$M$2:$M$72,Features!$B$2:$B$72,$A10,Features!$E$2:$E$72,E$1) -> 3 | F10: =SUMIFS(Features!$M$2:$M$72,Features!$B$2:$B$72,$A10,Features!$E$2:$E$72,F$1) -> 3 | G10: =SUM(B10:F10) -> 11
A11: Release & Governance | B11: =SUMIFS(Features!$M$2:$M$72,Features!$B$2:$B$72,$A11,Features!$E$2:$E$72,B$1) -> 1 | C11: =SUMIFS(Features!$M$2:$M$72,Features!$B$2:$B$72,$A11,Features!$E$2:$E$72,C$1) -> 0 | D11: =SUMIFS(Features!$M$2:$M$72,Features!$B$2:$B$72,$A11,Features!$E$2:$E$72,D$1) -> 0 | E11: =SUMIFS(Features!$M$2:$M$72,Features!$B$2:$B$72,$A11,Features!$E$2:$E$72,E$1) -> 0 | F11: =SUMIFS(Features!$M$2:$M$72,Features!$B$2:$B$72,$A11,Features!$E$2:$E$72,F$1) -> 8 | G11: =SUM(B11:F11) -> 9
A12: Total | B12: =SUM(B2:B11) -> 13 | C12: =SUM(C2:C11) -> 36 | D12: =SUM(D2:D11) -> 67 | E12: =SUM(E2:E11) -> 35 | F12: =SUM(F2:F11) -> 18 | G12: =SUM(G2:G11) -> 169
A14: Person-weeks are first-pass estimates. Divide by team size and release duration to check capacity.

Sheet Risks & Questions
A1: Risk | B1: Impact | C1: Mitigation | D1: Related
A2: Azure OpenAI quota/model availability delays | B2: High | C2: Request quota in week 1; keep adapter ready for Claude on Foundry / alternate region | D2: A2
A3: Holiday weeks (W9-W10, Dec 21 - Jan 1) reduce capacity | B3: Med | C3: MVP go-live set in W8; W9-10 are hypercare/buffer only | D3: M4, M5
A4: EDMX download requires XSUAA auth | B4: Med | C4: BTP trial or bearer token path; fall back to catalog-only metadata | D4: B3
A5: ChickletFlow has no auth today; exposing it on Azure is risky | B5: High | C5: Entra + service tokens (H1) must land before any public ingress | D5: H1
A6: Three-team contract drift (IDs, statuses) | B6: High | C6: Contract sign-off at M2; versioned events; contract tests in CI | D6: I2
A7: Retrieval quality limits Clean Core accuracy | B7: High | C7: Eval harness (B8) gates KB changes; coverage gap closure (B5) | D7: B5, B8
A8: Client data residency / tenant isolation | B8: High | C8: Per-client index filter, per-client deployment template, private networking | D8: A10, A11, E5
A9: Cost growth from AI Search + OpenAI usage | B9: Med | C9: Budgets and token metering from MVP (A8, D6) | D9: A8
A10: Team capacity unknown (owners are TBD) | B10: High | C10: Assign owners in Features sheet; use Person-Weeks column to check load by workstream | D10: All
A13: Open decisions
A14: 1. Central multi-tenant Deloitte instance vs per-client deployment? (drives A11, E5)
A15: 2. Which chat model is approved/quota-available in your Azure region?
A16: 3. Does darkhorse-mcp already serve HTTP or only stdio? (confirm before C2)
A17: 4. Who owns each workstream (owners are TBD)?
A18: 5. Should Continuum remain invite-only for external client users, or federate client identities (Entra B2B)?
A19: 6. Which Continuum approval state should trigger DarkHorse (APPROVED vs PUBLISHED)?
